gene,log2FC,FDR_per_contrast
CDH3,6.543792401500947,3.587864754522449e-127
OTOP2,-9.47487854340781,3.587864754522449e-127
DHRS7C,-2.7560402865427256,9.942807628870046e-115
AADACL2,-2.7601304281084773,4.192176867655628e-113
OTOP3,-4.660822769913014,1.2907771790880875e-111
KRT80,6.71302040764114,3.761292128789213e-109
ETV4,5.475597552447554,3.091738227493326e-101
ESM1,5.562633506737169,5.618931722750466e-99
DAO,-5.068016714992326,1.5185337313900584e-92
UGP2,-2.0401696486440546,4.4559637260892655e-91
BEST4,-6.957261674910455,8.103169111403803e-91
LGI1,-4.562877528568992,2.099956074414075e-89
FAM135B,-4.706661819887431,2.369490663229883e-89
VSTM2A,-5.4649904912161045,1.884108447260166e-88
TMEFF2,-3.354328458127239,2.761600779394984e-85
MTHFD1L,2.456936116322705,5.822878471625136e-85
SLC17A8,-4.339448635510832,6.540510928625485e-85
FAM180B,-3.28765031553812,1.7603277816588412e-83
JUB,3.025879524134398,5.709127171749985e-83
CA7,-7.815830300187621,1.0097237398001388e-82
RXRG,-4.121724492580589,5.272080631671428e-82
GUCA2B,-8.802408425720621,8.482394624982378e-79
KIAA1199,5.460912766501792,1.6641054880811246e-77
GLP2R,-4.664666135084428,2.1370023837829915e-77
KRT24,-5.211463235544945,2.756894826151689e-77
KHDRBS2,-2.472492265052022,4.031002994827071e-77
PYY,-8.703425157769061,1.8424826691861855e-76
SLC25A34,-4.5045193757462005,5.480520304386983e-75
LOC92659,2.8874512877366585,7.864716015550032e-75
SGCG,-3.1863541872761383,1.3439185301432492e-74
ELANE,-2.910332628347263,1.3439185301432492e-74
PCSK2,-5.488314574449941,5.682091177403405e-74
CLDN1,4.759634700665192,6.5538390147131006e-74
FOXQ1,5.86171881289442,1.715472028896019e-73
LRP8,3.411497381886403,3.4471001673109954e-73
GRIK1,-2.571637804878048,5.454537250787864e-73
CMTM5,-3.3814230086986177,6.762700480268639e-73
CHAT,-2.422158024901927,1.288804776462695e-72
MUSK,-3.636548814600034,1.586731263203426e-72
RERGL,-5.244468181818181,2.334823358873969e-72
C6orf223,5.299156967422819,2.498688933848937e-72
CLEC3B,-4.302754477230088,9.007673029252952e-71
SULT1A2,-4.360732653931433,1.1544423007146218e-70
P2RX2,-3.251112169537778,1.5302111415665157e-70
PDX1,4.6991366194780815,4.085183084289895e-70
SLC30A10,-6.554572752856898,6.387930241374475e-70
TRIB3,3.54611191369606,7.389615213340703e-70
NPY2R,-3.995617166979363,8.235968349926792e-70
OSBPL3,1.9424299334811528,1.2915356597698028e-69
GLTP,-1.5811813064983795,5.829820532672177e-69
NFE2L3,2.646754306668937,8.658045358472095e-69
FEV,-4.536726292000681,4.172330173621663e-68
WNT2,5.328117465461359,4.567343003603498e-68
TEAD4,2.206581306498385,1.6514794242680042e-67
PMP2,-3.806013917789527,2.4988815100543876e-67
TMIGD1,-8.941151722667572,2.6502689191983105e-67
CDH10,-2.1409666467678665,3.899122613364183e-67
ENC1,2.052032824492585,8.830855645059721e-67
SLCO4A1,3.257687062937068,1.3850176058032092e-66
SPTBN2,3.2963586815623387,2.207923378655753e-66
PRSS22,4.591958016373876,2.89792374939829e-66
TTC26,2.0688267695718894,5.752943345187615e-66
CDKN2BAS,-6.65517069759509,6.562472365154752e-66
APPL2,-1.825812706805399,1.8838301257229522e-65
SCGN,-6.271369281937576,2.2553292735255467e-65
LRRC8E,2.768221755074194,2.5028347624472416e-64
GRIN2D,4.781039007334136,2.698042486962e-64
ADH1A,-4.2390262323042815,3.1696247263926964e-64
GCG,-7.600356464267439,1.505662510417662e-63
FIGF,-4.336243296946956,1.643377319610964e-63
TAT,-3.54796438683268,1.7562404938524433e-63
ENPP6,-3.733313150264369,2.1622948639003798e-63
PEX26,-2.001627707658187,3.346828436378585e-63
PHLPP2,-2.5324259252942163,5.514882158877478e-63
FAM151A,-4.233788461538461,6.790677796647777e-63
ANLN,2.2803659133549363,6.790677796647777e-63
C17orf96,3.4655072914890006,7.419611340242793e-63
CBFB,1.3596936807095403,9.26569181120533e-63
KIAA1737,-1.302336568309741,1.0049869663925786e-62
XKR4,-3.028603257717892,1.1597150804022085e-62
SST,-6.072859636704758,2.4971250067699478e-62
ZNF575,-2.2485950537267607,2.6303403837653454e-62
MMP27,-1.8715368241514585,6.122412259480174e-62
TMEM72,-5.117705679686166,6.236268090962322e-62
ABCB11,-4.5515395446017415,6.7479475099743565e-62
PLCD1,-2.490170979020972,1.2721995376789382e-61
STMN4,-3.373641216100971,1.3242869799438049e-61
TRIP13,2.290918105065669,1.7013564971043128e-61
TEX11,-4.0485913013815455,2.2611485416897027e-61
SLC7A5,3.028151142759686,2.5636928408300758e-61
MAS1L,-1.644288299505373,6.327206864072613e-61
ABCG2,-5.424622326454035,1.8227522180251102e-60
C2orf88,-4.223382722155889,1.8227522180251102e-60
GSG1L,-2.359594439706634,4.4769554837067603e-60
CNGB1,-2.757965324918984,4.4865804271256964e-60
ANGPTL7,-4.576529515606345,5.161548045633788e-60
GTF2IRD1,2.1331454289612832,7.118660401610476e-60
MYOT,-4.233891378134062,1.022097186510128e-59
RETSAT,-1.9030981494115675,1.2543488574404008e-59
SLC30A8,-2.1842997185741093,2.269943000941748e-59
TNFRSF12A,2.6982676189664083,3.224446712544335e-59
SPPL2A,-1.823780794814942,3.6060001619368184e-59
ETFDH,-1.9178559866962248,3.6919113637863163e-59
BYSL,1.4548628944226412,4.5865160587344195e-59
PRKG2,-4.359678995394852,6.668683916704596e-59
ASPA,-3.9899578287566086,8.319952660268995e-59
EPHX4,4.5002243049633295,8.68046050369611e-59
PPAT,1.7132464182159357,8.741269313470608e-59
AMPD1,-4.775610822104724,2.3235281154087477e-58
MIER3,-1.8565799590653267,2.8527623234711397e-58
SLC22A5,-1.9920204161692023,2.89757687418986e-58
GNA11,-1.87408880266076,6.0747598089018775e-58
MYOC,-5.575454528398433,6.08782257870973e-58
MDFI,3.5251504349309224,9.612600572286073e-58
SPATA12,2.808259295582462,1.1277228170220641e-57
ARPP21,-1.9660847688896477,1.4383412156999363e-57
CTNND2,-3.7369530615725735,1.5529841341457936e-57
MS4A10,-3.948039570185912,1.572126476986096e-57
HPSE2,-3.7024619478082905,2.2347457435855976e-57
PDCD4,-1.9675043237250485,2.4141423244323978e-57
USP2,-4.528954093467505,2.5187984586823312e-57
SH2D7,-4.31016844618796,6.285306564282493e-57
WDR75,1.1898796179430278,1.1434726491681668e-56
DDX31,1.1855427340951783,1.6007383463907042e-56
HIGD1A,-1.8139386320996105,2.3728093641682617e-56
PLP1,-6.466784879754392,2.4788496057796907e-56
FUCA1,-1.8962990448575905,2.6184269205096587e-56
SYT10,-2.4304727528569,3.2731105420094178e-56
CLDN23,-3.319662425379493,5.4602307362859935e-56
PVT1,2.602065853658539,7.6461883046597625e-56
CLDN8,-7.479857308545114,8.573290979670517e-56
PHOX2B,-4.292164113934847,1.0359875655253119e-55
RRP12,1.512694107112404,1.5683460347406007e-55
HMGCLL1,-2.577039902780148,1.8062112473625425e-55
ECT2,1.8861814941156323,1.8751335172291834e-55
LRRC7,-2.8899477656489854,2.6846578634175238e-55
ACADS,-2.470650818693501,3.0135460878452667e-55
DHRS11,-2.911818574108821,4.0417864549718704e-55
AVPR1B,-1.6217429984649492,5.620035818511227e-55
RSPO2,-4.808267175507421,9.126199981440035e-55
PLEKHN1,3.606467968616753,9.836944143084584e-55
CMA1,-4.2852331656148746,1.0978971867341555e-54
PRR7,2.6920448916936786,1.7632424260775336e-54
NGB,-3.5390502728978337,1.839597025319064e-54
CNNM2,-1.7679891693672127,1.864672229571696e-54
KIAA1549,2.43046868497356,2.0150843087641093e-54
GTPBP4,1.2355417448405248,3.0522765528634287e-54
CA1,-10.517174194098583,8.514935487586913e-54
GCNT2,-4.409287199385981,8.634335484118994e-54
HTR3E,-3.853537148217636,9.282054288150995e-54
WDR43,1.314626394337374,1.2334473902989567e-53
ZBTB7B,-1.5044508954460234,1.9311760535078521e-53
GFRA2,-4.405178935698449,2.3811632924955163e-53
SLC17A7,-3.1957262749445667,3.173300666220774e-53
HSP90AB1,1.147536184547162,3.831071571444172e-53
C19orf28,1.4285945505713862,4.113902832424295e-53
NOP58,1.4434629200068212,4.705933994264267e-53
SPHKAP,-1.9648625874125871,5.7867038328343095e-53
DNAJC2,1.442617567798047,9.42167204996314e-53
ST8SIA3,-2.8860572829609423,1.3310255229095209e-52
MOBP,-2.6379394166808794,1.3624208454083048e-52
SLC39A10,1.78371016544431,1.831651262219833e-52
GPR119,-1.4371174910455398,1.883306546743521e-52
CA2,-5.906837762237764,2.558850918833805e-52
NOP2,1.4723762323042813,2.558850918833805e-52
KRTAP13-2,-3.689623563022344,3.2616750677991644e-52
CASR,-2.524843314003071,3.317451657486174e-52
MAGEE2,-2.0074619307521746,6.236384406008565e-52
SMPDL3A,-2.8479233498209098,7.949529488551912e-52
ZMYND19,1.3272340525328277,1.1127985552271836e-51
CADM2,-3.5991176019102844,1.1127985552271836e-51
PRDX6,-1.3663917789527569,1.344489791921043e-51
PKIB,-4.850211734606858,1.904290170898761e-51
PHOX2A,-3.0587909602592527,1.9960404412842346e-51
ATP6V0D1,-1.1676579822616429,2.9616600870072954e-51
ZER1,-1.2718099096025952,4.1506004336215864e-51
PPM1H,2.1896948149411566,4.865844433449533e-51
CPNE7,5.070337122633468,4.9607941675870575e-51
DKC1,1.5472374296435216,6.027833569408995e-51
ANGPTL5,-1.886859073852976,6.027833569408995e-51
NPY,-3.267021627153333,7.2698339915617e-51
PAQR4,1.763430990960254,9.033657641202575e-51
C2orf40,-4.851852362271874,1.0905337733820897e-50
RUVBL1,1.3306524475524402,1.139423687359797e-50
NRXN1,-5.2430554494286215,1.932439284390642e-50
GRAMD3,-1.5984416851441203,1.9966251908740688e-50
PUS7,1.732996870202964,2.463032345083088e-50
TMEM206,1.5195855875831477,2.774384366727691e-50
KIF14,2.174083140030703,2.9888854931067346e-50
CBX8,1.6731552618113597,4.129041533929978e-50
MXI1,-1.6180872846665597,5.899562415744751e-50
S100A11,1.8341836772983184,7.287886312790922e-50
CBX2,3.521803035988407,8.448775301215056e-50
MMP7,7.148217158451294,9.10811215828554e-50
HS3ST6,-2.8859351952925114,9.938982738339462e-50
DMRTA1,-3.950602839843087,1.143161910448569e-49
KCTD4,-2.995410114275969,1.2711074599509225e-49
C1orf135,2.1766591591335462,1.9403499642679555e-49
BMP3,-6.720293382227531,2.0383893542610496e-49
ABCA8,-6.451175473307181,2.3252160138879057e-49
PYCR1,1.74599863551083,3.119952857074952e-49
GUCA2A,-7.207980658366026,3.119952857074952e-49
SLC25A20,-1.7380362357154997,3.808218155096462e-49
RBM28,1.365669495139004,3.886175062650173e-49
NAAA,-2.286967849223944,4.248066757606201e-49
CD177,-7.854776257888456,4.616556824863644e-49
AQP8,-9.325312510660073,4.7876768016966645e-49
SPIB,-5.595286244243559,5.1997606675227696e-49
TPH1,-4.005951969981238,9.644999622396608e-49
MAMDC2,-5.870987395531296,1.1668629874996694e-48
CITED2,-1.8830666638239852,1.2127680655884767e-48
CCNYL1,-1.365830402524299,1.5800517077618217e-48
MGAT4C,-1.8070586900903984,1.6586400894825822e-48
PPAP2A,-2.1137193757462054,2.2120183472963028e-48
TEX10,1.1752833958724178,3.0919145396778366e-48
SLC25A23,-1.7047185570527006,4.524335651007823e-48
DUSP21,-1.217958920347945,5.574511261431042e-48
CCL23,-3.908737975439196,5.847781475697883e-48
SCARA5,-6.294625481835239,7.700051626832701e-48
INHBA,4.844784862698278,9.057855368118231e-48
SLC6A19,-6.770902933651715,9.145509702892483e-48
KIAA0408,-4.942240653249189,9.687611377547788e-48
ROPN1,-2.5921427682074016,9.696056554536257e-48
INSL5,-5.1893662203650015,1.0189546373245199e-47
PALB2,1.0180688811188787,1.0319137447604231e-47
DDN,3.992422164420946,1.0397120728919327e-47
ENDOD1,-1.6785909687873026,1.0424160486766887e-47
LOC572558,-3.64601970834044,1.2043763074054183e-47
ELAVL3,-2.7164358945932108,1.38237636982554e-47
CST1,6.876110915913356,1.3924393990835695e-47
LRRC3B,-1.890048686679175,1.4577393146982827e-47
TPX2,1.9782871311615189,1.9703050537117263e-47
CNTN2,-4.13404147194269,2.382554807450128e-47
QSOX2,1.3400454801296249,2.6901789280364427e-47
C1orf177,-2.573178731025072,2.7535657067344017e-47
XRCC2,2.136382278696913,3.037448874361761e-47
PABPC1L2B,-1.0920700921030189,3.2578850602162714e-47
NEBL,2.319340081869345,3.6185188001358975e-47
HJURP,1.786511001193925,3.6185188001358975e-47
METTL1,1.3902461709022695,4.2068874686843588e-47
HSD3B2,-5.723218352379326,5.074375251331735e-47
AP3S2,-1.1219030274603394,5.780938176799362e-47
CBX3,1.3152404400477575,6.057979293606739e-47
KCNIP4,-2.131478048780492,1.4044804939152972e-46
STBD1,-1.908789749275112,1.4816394687713852e-46
XPO5,1.225382082551592,1.55258361203705e-46
PI16,-5.917136406276652,1.7465587579952294e-46
LYVE1,-4.796294695548352,2.2081712446309707e-46
KIAA1257,3.25505289101143,2.421833632029812e-46
CD160,-2.575203650008529,2.7642436039621444e-46
STIM1,-1.1113349138666226,2.8429876350088342e-46
C10orf2,1.4939289186423386,3.2165085473130673e-46
COL11A1,6.546156131673209,3.7444057214700675e-46
DDX10,1.1926589203479416,4.105374546965512e-46
GYLTL1B,4.223555338563878,4.5399610259859655e-46
IL6R,-3.227806779805558,4.610697275375534e-46
RHPN1,2.904587276138482,4.8758276997603294e-46
C20orf20,1.5412547842401558,5.6659595268901934e-46
CCDC86,1.380877835579053,5.9046100672972124e-46
DHDDS,-1.2985654187276037,6.0372694941734875e-46
GNG3,-2.720850707828755,6.477778717039683e-46
PKHD1L1,-3.997936210131331,6.5995108113277225e-46
GBA3,-5.561421311615214,7.166074802209002e-46
FUT1,2.5101322190005035,7.897446522830622e-46
CHST9,-2.940051074535222,7.944069703640267e-46
GNL3,1.251464659730514,8.776747602244695e-46
MET,1.836894934333968,8.961651311597236e-46
NCOA4,-1.0668297373358335,9.127684159931482e-46
SLC27A6,-2.8755942520893747,9.205212330726227e-46
ADHFE1,-3.382214088350672,9.205212330726227e-46
CHAD,-3.745862476547844,9.257180303355994e-46
ASTN1,-3.539587276138497,9.976077439599349e-46
BRIX1,1.3241049292171283,1.046746853288716e-45
RAD54B,2.083257973733587,1.1839143679347722e-45
CDKN2B,-3.5024403121269003,1.2555457500044218e-45
SLC36A1,-1.8947810165444332,1.3357488671616351e-45
BAI3,-3.4765285945761555,1.4308015822578688e-45
C5orf34,1.7667549803854712,1.4641467080577384e-45
CDC25B,2.043699778270509,1.6865820859328486e-45
TP53INP2,-2.706790405935529,1.7746705829556137e-45
ORC6L,2.0316868582636864,2.7008106521053766e-45
TFAP4,1.4048045369264894,3.0319278865195055e-45
ACAN,3.734502942179765,3.034624420924371e-45
MPND,-1.1875501535050272,3.03867502691953e-45
NCRNA00092,-2.597010779464436,3.361246166416241e-45
POLR1B,1.1620172522599417,3.415723065506809e-45
FBLIM1,-1.306699249530956,3.63451727364216e-45
CYBASC3,-1.019672821081354,4.114299737848244e-45
SLC6A6,2.849352268463237,4.3373714834303307e-45
CLEC9A,-2.886389339928363,4.500133959985042e-45
ACOX1,-1.60584347603616,5.386788904107843e-45
LOC284276,-1.866797663312298,6.044724905546414e-45
FAM5C,-5.746902328159643,6.475670345381453e-45
MAL,-4.046473563022343,6.631406141229054e-45
ENTPD5,-2.6654995309568523,6.990723721144907e-45
FAM82A1,-2.0614914719426967,7.694576671596969e-45
DUSP14,1.7218719171072818,7.799161837925838e-45
NOB1,1.1392953095684852,1.160713970341089e-44
GARS,1.2646671925635236,1.2029098705347438e-44
CCT6A,1.1680031553812018,1.2132712287896965e-44
TMEM100,-4.381827323895617,1.2279871601793649e-44
CRHBP,-2.38138703735289,1.230212742487605e-44
CDC14A,-1.938175319802148,1.289407096942331e-44
KAT2A,1.4731543493092225,1.392813612271048e-44
GALR1,-1.7252710131332083,1.4281776590280213e-44
ETHE1,-1.9104196145318184,1.4561255941364652e-44
NAA25,1.0257211581101764,1.468253507445609e-44
NKRF,1.3829245181647636,1.4835713876417385e-44
GABRG1,-1.2762536670646425,1.5478019910911445e-44
CD3EAP,1.3666245693331174,1.7106933259184653e-44
MT1M,-5.827277144806414,1.7124456964153324e-44
CA4,-8.737511282619824,1.7439164729361425e-44
PDCD2L,1.4624741685144205,1.8961588393754208e-44
ALPI,-5.447918062425387,2.0206528173107118e-44
MAB21L1,-3.091816322701688,2.1261525719707765e-44
NUF2,1.9046296520552608,2.2314879544453274e-44
LOC728606,-2.8213787310250718,2.365466152653421e-44
TROAP,1.986527545625096,2.6436331321467704e-44
PLAC9,-4.010527153334472,2.644281859720785e-44
MACC1,2.378994073000179,2.7423928340460253e-44
LYAR,1.535765742793795,2.813867828713601e-44
DCUN1D5,1.354861598157937,2.912571996818942e-44
UGDH,-1.849423392461203,3.135974578343592e-44
TDP2,-1.928720825515956,3.135974578343592e-44
CNTFR,-5.901771268974928,3.276117792586365e-44
PXMP2,-1.7324543578372786,3.3354713122214644e-44
CCND1,1.6787517056114627,3.714599532691124e-44
SLC7A14,-3.933602601057478,3.7326594844069335e-44
ZNF536,-3.7032259167661614,3.798935629998855e-44
SCN11A,-3.374489561657854,3.976293192997612e-44
C11orf82,2.0119389902780105,4.900148585019609e-44
SOX9,1.9594344959918184,5.366016064380738e-44
TMEM132A,2.347644797885045,5.812553405807731e-44
TEF,-1.8233300443459,6.4378837037980625e-44
CHP,-1.5330730598669593,6.454616103073729e-44
IQGAP3,2.0262661436124816,7.255174207036418e-44
RNF152,-3.075178287566094,7.321774673355026e-44
SLC2A13,-1.8535140798226195,8.057010740805591e-44
XPOT,1.3733408835067458,8.101553813565496e-44
SKA3,2.067349735630221,8.174241544099496e-44
CPT2,-1.4014363124680251,8.174241544099496e-44
SSB,1.1236304451645829,8.258663225635934e-44
HPGDS,-3.820605713798399,9.2086794522142e-44
GPD1L,-1.553345454545445,9.680433309064213e-44
SLC26A2,-4.976358024901931,1.0413075563345512e-43
SYT9,-1.8439216697936205,1.2536948455696756e-43
CSE1L,1.4995725993518718,1.3068060516283781e-43
MT1F,-3.473923665359033,1.8090408454895484e-43
ERVFRDE1,-2.2024064642674395,1.9642751758588875e-43
SEC14L2,2.4660098754903546,2.0144368416907817e-43
VWA2,3.9140694183864913,2.149787921494735e-43
MKI67IP,1.1244940815282245,2.333606792117218e-43
FOXD3,-2.9763733327647977,2.4925858644053042e-43
CCNO,2.806455440900565,2.9557862118922547e-43
MIER1,-1.2275378560463928,3.165187885816961e-43
MS4A12,-8.512752421968276,3.1813774552354503e-43
PIRT,-4.513139723690946,3.2750203927870507e-43
TTC22,-2.1210233327648016,3.916734698576303e-43
URB2,1.2161408493945167,3.9469086174546646e-43
ZZEF1,-1.7554829268292682,4.758743908644846e-43
KLF4,-2.845154161691976,5.22734471776566e-43
SIM2,3.6974048439365466,6.018717932651024e-43
KIAA2022,-3.778261410540678,6.37964037079958e-43
KIF18B,1.8573482346921375,6.556151748483244e-43
TMEM37,-3.453687566092441,6.964307106978447e-43
P2RX4,-1.588742017738349,7.738389504420685e-43
GABRD,2.478768207402353,9.286315081640228e-43
CAD,1.3790537608732605,1.0080954174677248e-42
THUMPD2,1.0625473989425205,1.0859536964663393e-42
MRPL17,1.206085988401842,1.1091468877051417e-42
NAP1L2,-3.826868011257033,1.1091468877051417e-42
RIPK2,1.4668463499914752,1.1315208753298757e-42
ABCE1,1.1072246716697975,1.2811437909842709e-42
UNC5C,-3.4749327903803504,1.3427563144505562e-42
PACSIN2,-1.2374179003922858,1.489394719641429e-42
DPP6,-4.498508886235715,1.826368618590645e-42
PRIMA1,-5.52891125703565,2.0494005802556562e-42
HMP19,-4.571803274774008,2.0494005802556562e-42
NOC3L,1.2169188214224809,2.1686027010101666e-42
CEP72,2.0247312126897503,2.2623875158637922e-42
CADM3,-5.879660301893232,2.2647635198762786e-42
CNN2,1.2920991130820385,2.3745831947875735e-42
AHCYL2,-2.901951825004277,2.4992342186423162e-42
PDE6A,-4.636660404229918,2.5224265997674352e-42
BRCA2,1.9681246460856263,2.5619645725861978e-42
GNA13,-1.0188535306157205,2.6227140177648867e-42
FAM107A,-3.767915512536242,2.9024481067043115e-42
OSTalpha,-4.963331809653764,3.7026542588616864e-42
SLC16A12,-2.307804212860311,3.710441807076854e-42
TMEM82,-4.550491488998805,3.731427325116469e-42
CHGA,-8.062207896981072,3.9892797314250186e-42
FXYD1,-4.628653965546649,4.1246222113905e-42
GPT,-4.259766058331914,4.714202617833286e-42
GPR12,-1.4913622036500092,4.808463082240975e-42
NRG2,-2.6373554153163914,4.928271240925804e-42
DSCC1,1.9510533515265167,5.045598224395897e-42
SLC22A18AS,-2.7073277588265388,5.853904473627289e-42
ADCYAP1R1,-2.1461129029507067,6.14096012858725e-42
UHRF1,1.998796622889304,6.307800123989723e-42
SCN7A,-5.5324580931263885,6.932847414098628e-42
ATP11A,1.9818902439024413,7.7644455686978e-42
C7orf68,2.172703632952409,7.853103260169606e-42
CASP7,-1.7304920433225313,7.862160707939472e-42
SQRDL,-1.7298182670987623,8.017272205574314e-42
ELAVL4,-3.1957772983114445,8.513460807282319e-42
SEMA3E,-4.64594860992666,1.0263169942160368e-41
CBLN2,-3.321581152993349,1.0282218738834083e-41
PPRC1,1.129207282960932,1.0357519567627148e-41
ABHD5,-1.221552532833016,1.1175931495902895e-41
CDK2,1.078794687020297,1.1427970496974295e-41
PLD5,-1.660744721132526,1.1805643023282558e-41
SCN9A,-4.315579200068224,1.2479510852054374e-41
DDX56,1.049339681050654,1.251306285651843e-41
C9orf140,1.9911422394678464,1.2667603374481404e-41
GPR44,-3.359528381374722,1.3499726745131929e-41
SOX10,-4.827119870373531,1.538192501746712e-41
TAF1D,1.3664523196315876,2.0912124501917055e-41
CGREF1,3.4949785178236423,2.2036128259815323e-41
HAUS6,1.1784782960941549,2.5269298567625987e-41
DDX55,1.1574562254818366,2.5916725993411754e-41
NPY6R,-4.770919895957699,2.6256205353410434e-41
ACO2,-1.1543684632440705,2.7050459328908764e-41
MTBP,1.9512762237762304,2.8299089637771403e-41
ASPG,-4.787533174142931,2.9658313810448044e-41
C3orf26,1.515005347091937,3.516230222632186e-41
UBE2C,2.0416461197339366,3.8620496876014464e-41
METTL7A,-2.7233650179089164,3.869078697396207e-41
SMOX,2.1294062340098865,4.2016325197528925e-41
RASGEF1C,-2.7532732901245094,4.683915861414211e-41
CEP55,1.7742326965717163,4.868373385440032e-41
NOL6,1.0710063875149238,4.940455517157702e-41
ANKRD13B,2.2861980726590474,5.020130514722893e-41
TCOF1,1.3371379242708483,5.355391720196343e-41
SLC5A7,-3.296317124339076,5.539702706985726e-41
TOMM34,1.712475439194952,5.614161246394373e-41
NAALADL1,-3.4099391096708125,5.621639758080669e-41
OTX1,4.021699641821591,5.871240059128664e-41
AGPAT9,-2.8855594831997253,6.09382746820427e-41
TMEM41A,1.0404470322360595,6.239982383860034e-41
SPOCK3,-3.106981084768889,6.445785975360598e-41
WDR62,1.979169085792256,6.633284393549326e-41
NR3C2,-3.092709039740745,6.807108788312371e-41
PINK1,-1.5222349906191397,7.6551678833706e-41
ZG16,-9.130465316390929,7.98690888522426e-41
RIMS4,-3.656437617260788,8.508219123519682e-41
CNNM4,-1.6276700409346765,8.831825184120133e-41
LRRC1,-1.1487520467337475,9.408659728312496e-41
SHCBP1,1.6124401671499324,1.0545206696445515e-40
ATAD2,1.6915105065666012,1.081924492960383e-40
CLCA4,-9.037958084598325,1.2114363304912878e-40
TMEM220,-3.270813730172267,1.3102237541026612e-40
CDKL1,-2.1134024987207933,1.4049188788927123e-40
C12orf11,1.2153535817840666,1.4286673081865262e-40
KCNE2,-2.3071798993689208,1.4495754961030563e-40
P2RY4,-2.6685922138836773,1.5134341325511442e-40
ABHD3,-1.9490728296094184,1.6740416034099798e-40
CIRH1A,1.1040158110182574,1.9702176755886043e-40
GLRA4,-2.575895386320995,2.1219266015434064e-40
CKAP2,1.498771678321685,2.1225848049904063e-40
SFRP1,-5.837607692307692,2.183909715753107e-40
GABRG2,-2.7970561316732043,2.1888285155019597e-40
RRP9,1.2947857240320708,2.532671423766968e-40
PUS1,1.3575668088009554,2.5416812150665368e-40
CBX4,1.4861204246972477,2.9045343228174467e-40
B3GALT1,-4.2796793706293705,3.054872740741921e-40
DIAPH3,1.8278463670475844,3.300310998751868e-40
SALL4,3.995023810336008,4.355101582347771e-40
SLC4A10,-4.276304144635853,4.777846230390928e-40
ABCC13,-4.138051014838819,4.793191910430233e-40
HSD11B2,-2.793071780658368,4.815634755537361e-40
MEP1B,-5.185220868156234,5.4587996871547086e-40
SPINK2,-3.2496353487975425,5.604571255967277e-40
ARNTL2,2.4051312979703265,5.627737515332938e-40
KIF20A,1.7097389646938472,6.2949730993861484e-40
GPR15,-4.826390516800271,6.5483624616262715e-40
PTPN21,-1.5160114105406812,6.7054821230877915e-40
PRPH,-5.026212476547845,7.015349144716357e-40
AMPD2,1.0415355961112045,7.295027570972701e-40
TTLL4,1.1252718403547703,8.016882931887373e-40
LIFR,-3.7857045539826,8.642569093115526e-40
PLAC2,-3.8308544516459135,8.723506944391385e-40
RTKN,1.1299662971175195,8.996792979613526e-40
SMPD1,-1.9317220535562107,9.629960250810578e-40
CDH19,-4.285918070953436,9.87158334425898e-40
C16orf89,-4.675354511342314,1.0146654027609718e-39
RFC3,1.770680931263862,1.0903821585110324e-39
MCM3,1.112278517823647,1.0934320700785516e-39
RILP,-1.8832280317243768,1.1894873725362032e-39
SLC4A4,-6.233530854511338,1.2289105045077848e-39
LMX1A,-2.955524356131673,1.4202303132041951e-39
CCR10,-2.628292947296606,1.4330377126521472e-39
SCNN1B,-6.0448286116322665,1.5005125092138242e-39
FJX1,2.5204113764284517,1.7474658583429197e-39
KIAA0020,1.2382310847688895,1.7539829511891905e-39
RCL1,1.0856024731366238,1.88025602334221e-39
LRRN2,-4.336511291147877,1.8970590454817707e-39
WISP2,-5.189971482176357,1.8980235265467413e-39
CDK4,1.2717577775882667,1.8980235265467413e-39
MPZ,-2.97218460685656,1.8980235265467413e-39
FANCI,1.4519602592529424,1.9605258076028352e-39
TAF1A,1.4260112826198217,2.1680444427348327e-39
UGT1A8,-5.507381229745865,2.2520037061591247e-39
E2F7,1.9756744243561293,2.2810967147859884e-39
C19orf48,1.690930078458127,2.3205808467090184e-39
NCAPG2,1.3885667491045588,2.3875493368746715e-39
SH2D6,-3.8398364148047066,2.5910559287375528e-39
C4orf34,-1.8965871141054205,2.8551869306157152e-39
C6orf72,-1.017270347944745,3.18131770328854e-39
FAM89A,1.7263453436807126,3.549305420340126e-39
NFXL1,1.0465520723179225,3.778757322423522e-39
UTP14A,1.4770748678151089,3.778757322423522e-39
SLCO4C1,-4.015240286542724,3.7877809394207886e-39
VIT,-3.2996733242367395,3.9070925730011626e-39
AQPEP,-2.7931259423503327,4.1219796450259214e-39
FAM40B,2.6343144976974235,4.1445231414763266e-39
NOLC1,1.2015108647450106,4.1445231414763266e-39
MUSTN1,-2.877221396895783,4.2879503846997235e-39
TRIM29,4.153845514241851,4.3663006127827706e-39
ANK3,-1.7268975695036597,4.4691692474870544e-39
C1orf170,2.689138700324062,4.480178851842741e-39
HSPD1,1.3868455909943709,4.493591753115805e-39
SULT1A1,-2.666461214395362,4.5641532819327556e-39
C1orf210,-1.6764111632270176,4.5996658318882505e-39
NBPF1,-1.5927077178918676,4.9633807998845033e-39
ITM2C,-2.7030138580931222,5.4011634205658966e-39
PLEKHA9,1.4042875490363285,6.05519163492648e-39
BUB1,1.5764743646597292,6.24206635412538e-39
PCDH11X,-1.8666545028142592,6.581109564431897e-39
SLC7A11,2.711096571720957,6.705024082232537e-39
TNFRSF13B,-3.910799121610096,6.705024082232537e-39
FAM23A,-4.701597211325261,7.098660577271145e-39
ULBP3,2.0197798140883534,7.747802571493315e-39
S100A2,3.844424236738878,1.0551438467269161e-38
C14orf176,-3.06282112399795,1.1419224576255271e-38
RAP1A,-1.0646454630735125,1.1656249191010255e-38
RPGRIP1L,1.5174450963670465,1.349268652590474e-38
E2F1,1.7180464267439897,1.4073931117382564e-38
TMCC3,-2.493684325430669,1.530179642979447e-38
RDH5,-2.565952157598504,1.593800349364834e-38
CPEB3,-1.4563986525669428,1.593800349364834e-38
C7orf40,1.7226552021149608,1.6281304789072344e-38
EGLN1,-1.0004754562510725,1.6324971619090374e-38
NEK2,1.5506449940303604,1.638453730344235e-38
RAD18,1.125776837796356,1.6546382213642384e-38
MT1H,-4.969239177895273,1.7949202412088255e-38
POLR1C,1.1683793450451887,1.8339241196287676e-38
PPP2R3A,-2.2516232986525697,1.8780344061775695e-38
GRHL3,3.982704605150949,1.8866739107712163e-38
ATCAY,-3.2084228210813577,1.9856769826658944e-38
JPH1,1.8013850332594217,2.0038748245024102e-38
PDE8A,-1.221668292682926,2.037378936355008e-38
TESK2,-1.4881166041275815,2.096093697482384e-38
APLN,3.035699940303588,2.248239898021236e-38
STX12,-1.0029778611632327,2.327364302375568e-38
LOC283267,-1.196601330376943,2.395073787758656e-38
SNORD1C,2.1165352123486287,2.472696904168667e-38
SUCLG2,-1.2826485161180337,2.606871103589108e-38
BEX1,-3.496233387344362,2.6388695744289763e-38
CPT1A,-1.445384973563021,2.743442707841887e-38
IARS,1.0401851782363938,2.801963374933362e-38
IMPDH1,1.4889495650690847,2.8651480381118516e-38
PLXNA1,1.3140883933140053,2.989111683598041e-38
BCHE,-4.549629524134401,2.989111683598041e-38
AP1S3,1.7159720791403696,3.18239770711508e-38
OLFM3,-2.82907113252601,3.18856962215533e-38
HSD17B11,-1.3480528142589208,3.18856962215533e-38
ANKS1B,-2.77195494627324,3.2710316597017117e-38
MTM1,-1.3791144124168555,3.844910413514283e-38
ST6GALNAC6,-2.6858464864403864,3.870743871449904e-38
CNR1,-4.369764079822616,3.9092378382794997e-38
IGSF11,-2.77831115469896,3.951024375182387e-38
UNC5D,-2.35498412928535,4.173179431594762e-38
NAT10,1.0944088265393257,4.308131685925375e-38
SMYD5,1.051899019273412,4.474612515306408e-38
PAFAH1B3,1.3229898260276285,4.628305552180748e-38
ZNF280C,1.439591574279377,5.09985018724506e-38
GLS2,3.000156984478933,5.804281681878828e-38
GSTM5,-3.4291479703223584,6.099774957251001e-38
HOMER1,2.261226599010742,6.23472623200465e-38
MSX2,4.258848456421628,6.417826684914569e-38
GDF15,2.9583207231792663,6.57729254383091e-38
SOX4,1.6699298140883432,6.837802314703376e-38
EIF5A2,1.478409227358008,7.021455251330425e-38
EEF1E1,1.2350382483370366,7.161793435509141e-38
PHLDA1,2.559509432031369,7.190893004953677e-38
FANCB,1.9470253539143785,7.448859550826191e-38
CPEB1,-3.243075174825173,7.714549688777345e-38
BCAR3,-1.567422539655471,7.778215255009904e-38
RHBDF2,1.5378853061572515,8.187407688575061e-38
PDK4,-3.3740360480982456,8.721267893414476e-38
SRI,-1.7023339843083818,9.057657515621538e-38
MCM10,1.954246861674908,9.395535663471864e-38
TRAK2,-1.024332884188981,9.688534624400892e-38
CKAP2L,1.6456567968616778,1.0694517455851177e-37
WDR12,1.1556994627323895,1.1428009510841428e-37
ULBP1,2.830011538461536,1.159714848934006e-37
OSTBETA,-5.09842094490875,1.177476544267992e-37
EPHB4,1.2511787566092334,1.2665628010469911e-37
KLK6,6.726767363124683,1.4357155259747027e-37
TST,-1.7243562937062895,1.4450299865828476e-37
PLCE1,-2.37780210643016,1.698912129317046e-37
NBEAL1,-2.124537182329869,1.7121102326195713e-37
FAM72A,1.895191872761384,1.81829009580984e-37
ANPEP,-5.047061598157947,1.898931327525309e-37
C1orf186,-3.1466267866280053,2.185044106651734e-37
C11orf84,1.441203820569668,2.342945773250888e-37
CHPF,1.5510987293194614,2.350301500602466e-37
KLB,-2.5936690772641966,2.432524406579751e-37
SCG3,-4.002729600886918,2.4386497459720853e-37
COL19A1,-2.576601287736654,2.474028878373118e-37
NME1,1.6485526095855452,2.6952060346656447e-37
C17orf53,1.5606180027289724,3.1042318531702082e-37
RBM47,-1.2710814429473023,3.3337545169655954e-37
LGALS4,-2.171853505031553,3.7525099319150655e-37
NKX2-3,-3.1170403888794187,3.945685631987317e-37
G6PC,-2.9009339246119725,4.025113796258582e-37
CYTSA,-1.1313656234010026,4.09131272386136e-37
ADH1B,-6.793664617090226,4.104290053920718e-37
CDK1,1.643204912161016,4.198847285075762e-37
HTR1D,4.213106396042983,4.487035771201891e-37
NEFM,-3.2933408323383926,4.487035771201891e-37
TRMT1,1.2255307948149348,4.960129246548884e-37
DUSP26,-3.0989461794303264,5.091652004806175e-37
LOC389493,-2.142158451304792,5.549918873646232e-37
HELLS,1.7545142247995882,6.138054279561341e-37
ATP1A2,-5.488933438512708,6.411177241409371e-37
RSL1D1,1.0435259167661552,6.494451683560422e-37
GRIN2A,-3.1166608306327825,6.780652233909911e-37
RECQL4,2.071342265052027,6.868772928490167e-37
CAV3,-1.1670144038887944,7.1172292266160085e-37
PMAIP1,1.9669828927170456,7.645123412576793e-37
C11orf86,-5.515025831485588,8.261326630511619e-37
GNG7,-3.0506581528227867,8.57979871300053e-37
PSAT1,2.5701194354426065,9.031825460050952e-37
DBF4,1.28827411734607,9.046434599681049e-37
ARMC10,1.0991366706464376,9.22341265525662e-37
CALY,-2.971408323383934,9.708151350237256e-37
SDCCAG3,1.0487958212519146,1.0128357139039756e-36
PGM1,-1.7414812382739324,1.0249628511376476e-36
HEATR1,1.1278136107794658,1.1268323015277849e-36
RIOK3,-1.4880109414975315,1.137973185017874e-36
CCBP2,-2.708420586730345,1.2913636321212837e-36
PAICS,1.329502328159645,1.363982510678638e-36
FTSJ1,1.0515284581272333,1.4271916235759611e-36
C10orf54,-1.8854607965205543,1.4528044357804113e-36
NEDD4L,-1.39264010745352,1.7054639193014798e-36
CENPF,1.689494678492235,1.711421095445929e-36
ACAA2,-1.8766741088180137,1.805633183950649e-36
LOC282997,-1.4477869094320317,1.8630680677617467e-36
MTHFD2,1.5254585024731373,1.8851811109512287e-36
EIF3B,1.0712337540508372,1.8932706382353007e-36
GDPD2,-4.584102242879075,1.9199900513509374e-36
CENPN,1.2579481494115765,1.9677497609622828e-36
ATP8B1,-1.640427306839502,2.043753709725831e-36
CDCA5,1.5424259764625583,2.1247089720026605e-36
P2RY14,-2.9771152055261805,2.3446958940692408e-36
SLITRK3,-3.811816433566434,2.556110086763731e-36
CLEC4M,-1.8979395531297985,2.6492645876193548e-36
HTR7,-2.6741885724032066,2.7857154129649635e-36
UBE2S,1.677352805730855,2.8112832822784307e-36
PJA2,-1.3475518676445546,2.824757389681034e-36
KIF23,1.52793555347092,2.9124518408259648e-36
SEMA6D,-3.699717124339072,3.154234237078285e-36
HSD17B2,-4.399378466655299,3.224148745670662e-36
TNXB,-4.323602618113592,3.5019711247046734e-36
FGFBP2,-2.793983259423502,3.567976137352929e-36
NLGN1,-3.2955751151287758,3.649399229143456e-36
MMP11,3.742647995906535,4.304237269085952e-36
PEX11A,-1.3437960770936377,4.573956987382806e-36
SLC30A4,-1.993118906703056,4.6496778500911934e-36
KIF2C,1.4982723946785033,4.6496778500911934e-36
BEST2,-6.140362510660075,4.679178116667404e-36
MGST3,-1.0939388367729863,4.903898716767695e-36
P2RY12,-2.9943503837625776,5.0261677075259473e-36
TOP2A,1.5604778526351684,5.091190657333455e-36
GFRA3,-3.912126761043836,5.1768142811297694e-36
WDR74,1.128269597475704,5.447617369789496e-36
GPR3,2.417758246631418,5.589909408158539e-36
ZSWIM4,1.4972647364830287,5.9401882994445095e-36
ADRA1A,-1.8989166041275796,6.09827512085008e-36
KIF18A,1.5283373955312936,6.915155711189995e-36
MT1DP,-2.25672161009722,7.163521931089197e-36
ATP6V1G2,-2.2903983114446524,7.805553629850339e-36
GFI1B,-3.1828957103871724,7.974534003450899e-36
TRANK1,-2.140602703394171,8.539529485150344e-36
SULT2B1,3.1201887514924094,8.549921202921242e-36
RPH3A,-2.1370169196657005,8.793162576915097e-36
ITGA2,1.5231866450622586,8.793162576915097e-36
VWC2,-2.177002848371141,8.93035618415182e-36
CELSR1,2.55503415486952,9.097361753827826e-36
SEPP1,-3.595244908749791,9.753224485217204e-36
RRP1,1.1602810506566603,9.991758709252263e-36
KIAA1524,1.524001313320829,1.0186488707158508e-35
CTSG,-4.765506993006993,1.1429670921899534e-35
NKD2,3.7143285263516974,1.2125089043513257e-35
LDHD,-3.762099812382737,1.229772735227461e-35
ENHO,-3.096332099607711,1.2633071277114004e-35
PRDM12,1.909781315026437,1.2698259450753387e-35
KPNA2,1.3370814770595238,1.2712179756314942e-35
TGIF2,1.8772827989084115,1.4094014951950644e-35
AEN,1.3029321593041026,1.5481768520383436e-35
P2RY1,-3.1182639519017537,1.5739439081640636e-35
FRMPD4,-2.538632176360225,1.5943777777711385e-35
GRIK3,-3.5822268974927534,1.6039711533814678e-35
GAB1,-1.2209710813576675,1.6245318091443418e-35
SORCS1,-4.241344789356986,1.7493190295503053e-35
NUDCD1,1.4084120160327558,1.8404750290039105e-35
MYT1L,-1.8667532150776052,1.8610677058226643e-35
EXOSC2,1.0064304451645911,1.878742888420216e-35
SLC12A8,1.282104716015693,1.887724398122553e-35
P2RX1,-3.033333899027803,2.0305195774818863e-35
KIF4A,1.5610631673204889,2.0511749443880937e-35
LCN6,-1.6591828415486949,2.2049243956120432e-35
PKNOX2,-3.0642127409176187,2.2202469621269325e-35
PYGM,-3.814913269657169,2.2636113964637058e-35
TRPM6,-5.239482133719936,2.3265477953194387e-35
C2CD4A,3.905965495480132,2.3271921151362556e-35
C1orf115,-2.463516911137648,2.6044545208611527e-35
HECTD3,-1.012297015179941,2.879491445011977e-35
EIF4E3,-2.1335305219171,2.9301157112185047e-35
ANO10,-1.2351708255159473,3.0582494475539014e-35
NDRG2,-1.6458045710387132,3.4878127225795253e-35
TMEM59L,-3.559722027972028,3.4992457165260075e-35
CFD,-3.850621644209452,3.561209965942996e-35
CRADD,-1.078566706464268,3.723612633906912e-35
ALK,-2.2449617260788,3.857050872201336e-35
NPM1,1.231731946102684,3.894865456862802e-35
ADAMDEC1,-4.214672539655465,4.214615225790266e-35
C1orf150,-2.555152848371141,4.2320241596654714e-35
C14orf180,-3.104303138325089,4.401270379271039e-35
BMX,-3.7460508186935,4.938711626511538e-35
ASPM,1.5387956677468848,5.005374310157932e-35
STMN2,-4.584564642674398,5.037953918770241e-35
PNO1,1.1289600034112262,5.490965837846832e-35
DDX21,1.2593472966058314,5.635943560169448e-35
GNG13,-3.3444104553982594,5.748192316488896e-35
PPAP2B,-1.598608937404057,5.838216683797841e-35
GTSE1,1.491619375746212,6.78521534848598e-35
CTPS,1.3078333788163103,7.642031820799011e-35
NMB,1.6308986952072368,8.03407150859732e-35
RFC4,1.2402041531639094,9.005463088809792e-35
CDHR5,-2.926002532833019,9.528787017079447e-35
MYOM1,-3.468534299846496,9.529379577358131e-35
MSI2,1.2186369947126003,1.0051157406267867e-34
FAM176A,3.4563754136107803,1.0479676661466015e-34
SCAMP2,-1.0219577434760314,1.140382897630078e-34
NR5A2,-2.7273366706464346,1.1554355629699884e-34
TMEM161A,1.1017314685314703,1.165331662830708e-34
SSTR2,-2.8121121865938927,1.1923960984630246e-34
E2F3,1.024830504860999,1.2669852626822455e-34
ATIC,1.0049935272045063,1.302574314407618e-34
TTYH3,1.434363457274431,1.3069045524933307e-34
FOSL1,3.4934680624253733,1.327796924405359e-34
RAB27A,-1.6965086218659522,1.3431378643008547e-34
EGFL6,3.375899624765475,1.3563064204932491e-34
ABCD3,-1.1326739553129883,1.3683919836140638e-34
GRPEL2,1.0331759167661554,1.4976340758172343e-34
SCD,2.5986671584512955,1.505932050148901e-34
ACTR3B,1.2217296349991518,1.5258519138179215e-34
CCDC41,1.1062919921541834,1.5306091478292006e-34
CCDC99,1.1756744499403,1.5306091478292006e-34
CMTM8,1.171775481835243,1.5466990515017763e-34
C13orf37,1.437702319631592,1.5825664997211636e-34
ZC3H8,1.2367444226505198,1.5906823233388515e-34
KLHL35,2.988822190005116,1.6693223327405116e-34
CENPE,1.665581383250898,1.6728071525289171e-34
EME1,1.6911627835579042,1.67814434501425e-34
SNTB1,2.1007926317584857,1.6875170617055027e-34
C12orf53,-2.7687837199385967,1.7421358054050487e-34
WDR3,1.016276564898515,1.933078387244917e-34
PPY,-1.7269587071465122,2.0162760318737832e-34
C6orf167,1.2145851952925169,2.0204024427984902e-34
TGFBI,2.7987236227187537,2.279763918908016e-34
PDZD4,-3.488207931093295,2.3666628501568563e-34
TCP11L1,-1.2096797543919484,2.5707511782044268e-34
GREM2,-5.020515418727613,2.713220131378744e-34
POLD2,1.189722548183525,2.737140577099605e-34
MELK,1.504466723520376,2.762314136003932e-34
EZH2,1.288111973392466,2.826556376037008e-34
TAGLN3,-3.45006067712775,2.836823174718276e-34
AGAP3,1.0392028654272547,2.954832884386784e-34
B4GALNT2,-6.672419034623915,3.05831870417408e-34
SLC10A2,-3.014525251577691,3.120143394306265e-34
SLC17A4,-4.274391847177217,3.259019574731663e-34
CENPA,1.5353864830291686,4.039338252741216e-34
TRPV3,-3.495687770765821,4.234076312659737e-34
EMILIN3,-2.499893885382912,4.361203759251788e-34
CWH43,-6.167028568991983,4.805563805647019e-34
NRSN1,-2.479586696230599,4.941652759937349e-34
FAM163B,-2.068580607197681,4.974917351361229e-34
HPGD,-3.5392315538120407,5.178614750262322e-34
ANO5,-4.584734862698279,5.276332909965073e-34
MADCAM1,-4.188690098925463,5.305165726196803e-34
EXO1,1.6932179515606292,5.957329135769631e-34
C2orf70,3.310322462902952,6.864152109436047e-34
HRASLS2,-3.942141932457786,6.925859612257024e-34
PHF16,1.3762016970834114,6.925859612257024e-34
TIMP1,1.9338703479447368,7.067855545302559e-34
HTR3C,-2.684432338393313,7.067855545302559e-34
CLDN2,5.982495710387168,8.22905210746683e-34
CNGA3,-3.569411632270168,8.270788426326844e-34
B3GALT4,-1.711530828927173,8.313683287811364e-34
GRHL1,2.4195954289612835,8.796455567594102e-34
STAB2,-3.000860498038547,8.872242044672078e-34
NCR2,-1.0446219597475694,8.894248634592087e-34
TRAP1,1.167450767525164,9.28359091172843e-34
PTPRH,-2.2828724970151804,1.0605846153344493e-33
PKMYT1,1.679899573597135,1.1041338248508904e-33
EIF2S2,1.1627792853487833,1.1796140052839722e-33
SH3TC2,3.132652038205697,1.1871512954447841e-33
CPM,-2.915586994712606,1.2064378212379754e-33
C21orf88,-3.942269273409517,1.2150479813412485e-33
COL10A1,6.32109748422309,1.2440427579902789e-33
FGL2,-3.231245224287912,1.2654849772812364e-33
HAUS5,1.178981673204845,1.2675322441747943e-33
FAM150B,-3.064471413951902,1.4308492820606809e-33
PAFAH2,-1.2018506822445794,1.475713844044756e-33
ZNF473,1.032170663482864,1.5127335599938045e-33
CCNF,1.3891525328330188,1.5127335599938045e-33
MALL,-2.3006637045880893,1.5127335599938045e-33
WDR78,-2.726549718574109,1.5322451487048386e-33
FMO4,-2.0324689749275078,1.5322451487048386e-33
LOC646851,2.182039672522602,1.6544040124464352e-33
RALYL,-1.5878754903632952,1.7114449048497196e-33
CCDC19,2.0777713883677285,1.7597921273032017e-33
C6orf186,-2.828374108818013,1.7606909888892637e-33
AGXT2L2,-1.2577986184547054,1.9922480588531573e-33
CUX2,-2.062373469213714,2.0083524037508094e-33
FAM72D,1.7981553470919325,2.0461647225905038e-33
STRA6,4.707559363806926,2.078009997284556e-33
RPF2,1.1446803001876154,2.132988238177797e-33
ATP2B3,-2.162766800272898,2.260008041515963e-33
CD163L1,-3.693669094320312,2.4878378461536258e-33
BRP44L,-1.3423650776053169,2.6891265492301177e-33
GPATCH4,1.053444593211669,2.775522146871746e-33
SGK1,-2.501781212689746,2.9415891101353204e-33
NOVA1,-3.628518693501619,3.0476529735259282e-33
TOP1MT,1.711227861163218,3.1295378686730946e-33
MARVELD3,-1.3084018079481474,3.16877826643684e-33
RNASEH2A,1.2494966143612452,3.29478059427121e-33
POP1,1.435016842913187,3.341832180805144e-33
MCM7,1.1686340781170037,3.5834908357399845e-33
CNTD2,3.5668836602421985,3.679919851116148e-33
SLMO1,1.8563888026607576,3.747083001694686e-33
TMEM20,-1.5145521917107274,3.894442530853683e-33
GSN,-2.0533797970322265,3.8995408979209385e-33
PBLD,-2.53859768889647,4.0984858355755e-33
CENPI,1.7931177639433749,4.250959781433357e-33
RBKS,-1.4860656234009977,4.3620879389474706e-33
CHODL,-3.3588572914889983,4.907008811965377e-33
DNASE1L3,-5.077651074535226,4.9196337267718256e-33
HTR4,-4.1098186764455065,5.3284094887047005e-33
JPH4,-2.6902792682926817,5.358011109469665e-33
FAM75C1,-1.0622494030359884,5.673386217209304e-33
RXRA,-1.082781187105576,5.840388386066355e-33
SNTG2,-1.4823094831997277,6.062893903295932e-33
C2orf15,1.3283606771277512,6.609987022780993e-33
GNG12,-1.19343015521064,6.720781507658633e-33
GPR180,1.1188462135425548,6.965191834889776e-33
CASD1,-1.233961760191029,7.274997696244621e-33
SECTM1,-3.476339263175852,7.278239526862084e-33
LITAF,-1.238989476377279,7.386404240498322e-33
B3GNTL1,1.4829538205696735,7.995275367113332e-33
ADCY9,-1.5541824748422304,8.29552987782655e-33
SPC25,1.3633524901927387,8.717547832782426e-33
FHL1,-3.328920714651197,9.594103682431311e-33
TSPAN7,-3.3206953777929336,9.645816443320295e-33
NAP1L1,1.1281551850588407,9.823271529485688e-33
ABCA9,-3.494935382909772,1.0149297617959957e-32
ARHGAP20,-3.059572966058331,1.0796484858857806e-32
PADI2,-4.170709739041449,1.1298547184622595e-32
ABCB5,-2.891159875490363,1.247069446711079e-32
ACSM5,-2.6441714224799595,1.3091381945760278e-32
C16orf59,1.6740245266928184,1.3188939588438647e-32
NEFL,-4.28087078287566,1.3332092938606642e-32
PNPT1,1.1023894593211594,1.4169837847368528e-32
MSX1,2.72898865768378,1.4388589000115556e-32
EDN3,-4.540552404912161,1.8556054159578318e-32
CEACAM1,-2.393628159645237,1.943522220753152e-32
BAALC,-2.967945889476376,1.9517346405636135e-32
SNHG1,1.677289049974414,1.9634636543558018e-32
ANGPTL1,-4.898893638069248,2.065925819838344e-32
NOP56,1.3797730513389048,2.139108143666829e-32
RELL1,-1.669996196486439,2.265530229701442e-32
FXYD5,1.879721772130301,2.2892696521836008e-32
MARCH8,-1.5516620416169262,2.397424490032916e-32
SFRP5,-3.985379276820741,2.4100204824559304e-32
FANCA,1.5130135425550133,2.4682792263175927e-32
CHTF18,1.5941253283302022,2.5730695339019446e-32
MAPK3,-1.2263482773324288,2.726301098508819e-32
DHX34,1.1907013389049954,2.789856543001388e-32
WSCD1,-3.782326087327308,2.7948055816166497e-32
KCNS2,-1.86448922906362,2.854681276367408e-32
MPPE1,-1.1355700579907904,2.8780693139355164e-32
FLJ41941,-1.4711393228722498,3.0345362004279564e-32
FAM19A2,-2.1587317243731885,3.168243401662353e-32
VAMP2,-1.3219595428961384,3.3341573470942065e-32
MPPED1,-1.1536387685485248,3.4196605203243e-32
DCAF13,1.2672645318096496,3.4617840461368115e-32
MT1G,-4.033974680197854,3.462499096934024e-32
SLC23A1,-3.566952012621524,3.881319798165469e-32
PDE2A,-2.9166405509125006,4.129464418755233e-32
AFF3,-3.367090567968617,4.3373060029789156e-32
SNAP91,-2.9560834640968787,4.3373060029789156e-32
CDC6,1.7139816987890146,4.339606187937845e-32
SCN2B,-3.603709449087497,4.408790210648311e-32
PPAN,1.0729057734947904,4.440171731163897e-32
AURKA,1.5209733498209117,4.4650081386022427e-32
PTPRZ1,-3.62233621865939,4.4650081386022427e-32
KNTC1,1.2294177554153205,4.558164228900312e-32
SIAE,-1.6836810932969453,4.799454851180776e-32
PTN,-2.86531668940815,4.990841076799201e-32
CLEC4G,-2.8584055944055944,5.372452664960873e-32
DIRAS2,-2.47020899710046,5.417365616905384e-32
GDPD3,-2.814919341633968,5.495659854346309e-32
DNAJC28,-1.549573955312978,5.498131748893045e-32
PPIL1,1.087295087838994,5.575194230052975e-32
CYP27B1,1.777292418557054,5.717233751364654e-32
PKD1L2,-2.226985451134232,5.802435178491501e-32
DPYSL5,-2.7170249786798566,5.886539145643896e-32
CBX7,-1.7169041019955689,5.981649654783375e-32
MTERFD1,1.1831008869179662,6.074349243023604e-32
CLIC5,-2.3194127835579064,6.13661367758924e-32
BEND4,-2.7702095428961298,6.512438336269234e-32
ABI3BP,-3.850919136960599,6.710217047394093e-32
NR1H4,-4.848673298652566,6.774273515607513e-32
RUNDC3B,-2.8948385468190345,6.901339032246828e-32
CCDC69,-2.6413391437830462,7.434616968214008e-32
CXCL12,-2.9155534794473805,7.447423833123522e-32
FAM54A,1.51040878389903,7.958412729617951e-32
PBX4,1.887116322701683,8.06774182400268e-32
PPA1,1.1338593808630435,8.154411990242696e-32
COL7A1,3.538295053726764,8.48975521535811e-32
SVOPL,-3.4093037779293884,9.140718308202591e-32
TOM1L2,-1.2325086559781706,9.498689118888106e-32
FLVCR2,-2.47951890670305,9.705915565194307e-32
ADH1C,-5.936820765819552,9.755662605199928e-32
CA10,-2.3514620672010915,9.971490368996934e-32
GRIA3,-2.460890926147023,1.0483649904665598e-31
RNF112,-2.514997398942519,1.0919314505600462e-31
C17orf91,-1.9634327562681275,1.2428325984825588e-31
PTGS1,-2.816051483881964,1.2497344278910326e-31
SEC14L5,-2.814827775882655,1.274517138225845e-31
NR2C2AP,1.0918628603104246,1.2821562919622887e-31
LOC541471,1.46229311785775,1.2824669805995514e-31
MMP28,-3.508572786969124,1.3033135446494699e-31
SORD,1.5015325174825165,1.3683045880867264e-31
NEGR1,-3.184534692137131,1.4437515067548334e-31
FAM60A,1.201480956848032,1.5130148642612696e-31
MT1X,-2.391919768036839,1.5197982042670486e-31
PIK3C2G,-1.3261383677298315,1.5198207176251927e-31
IL10RB,-1.1305128688384798,1.6065590471259946e-31
EFHC2,-2.9783409943714845,1.6126240621978566e-31
GALNT6,1.9413637131161483,1.7428804460430063e-31
MGLL,-1.5055351014838845,1.7716798531822294e-31
MYPN,-2.910256575132184,1.8442369648273227e-31
PLK1,1.3441255756438686,1.8445499282354621e-31
WDR4,1.3479219000511673,1.896319298006385e-31
SHMT2,1.3158819887429676,1.9327339009847464e-31
C1orf201,-1.1792128347262434,1.9355616386442856e-31
SLC13A1,-2.143348482005799,1.9863660054704136e-31
SYT4,-3.471192137131162,2.0832043998018605e-31
HAPLN1,-2.925150434930927,2.10717637078742e-31
MYBL2,1.9189743646597288,2.1108888030812907e-31
DYRK2,-1.0623990192734123,2.365742779212845e-31
MAPK4,-3.7819699727102174,2.4431830313929925e-31
TMEM171,-2.6992504178748105,2.483730663566635e-31
KCNG3,-2.722847569503667,2.734548814803997e-31
ACVRL1,-2.0164467422821115,2.999967331343171e-31
RRS1,1.3500040167149905,3.016277285759534e-31
PRR19,1.305402473136621,3.0309868182242587e-31
AQP7,-3.0041749104553954,3.0331924800570007e-31
MND1,1.61062441582808,3.0984106727089886e-31
TMEM54,-1.5487820399113144,3.239831988914167e-31
CES2,-2.3740421030189403,3.324390074383956e-31
KCNB1,-3.0765897407470573,3.4456002187014748e-31
GPM6A,-4.9939219171072855,3.540693604666593e-31
TMEM196,-1.015029430325772,3.541481615301571e-31
LPAR1,-2.667297995906539,3.7206329788201423e-31
PLCL2,-2.927371132526008,3.763432212206357e-31
SUV39H2,1.0828256779805594,3.8484361239720525e-31
STOX2,-2.475562408323384,3.952022845306038e-31
SESN2,-1.2899763175848484,4.100566043360403e-31
SDCBP2,-2.8075793535732547,4.168964857260505e-31
TXNRD3IT1,1.2393804110523616,4.429135895633112e-31
CPNE8,-2.6103254903632958,4.615623077899583e-31
KIAA1161,-1.4415348882824477,4.716430769520595e-31
SLC25A32,1.0682961197339242,5.017026834614868e-31
EPHA5,-2.0421096196486443,5.086217088715363e-31
PRMT3,1.1994345386321037,5.168404491470432e-31
ASAP3,-2.230797373358347,5.185318319557998e-31
SRPX,-2.9977909687873083,5.253483977795976e-31
LILRB5,-3.601294345898003,5.4427697465982645e-31
LOC25845,-2.690551219512196,5.690606680957026e-31
SGOL1,1.460269733924621,5.833917571347598e-31
ASB2,-3.419144797885041,5.833917571347598e-31
ZBTB12,1.4132851185399948,6.003225616194247e-31
LTC4S,-2.3978245608050472,6.009558474120937e-31
OGN,-5.579055048609924,6.238419388389644e-31
NBLA00301,-4.312509721985331,6.296936535342019e-31
CCDC68,-2.3820161862527742,6.319006010179099e-31
PGA3,-2.044795377792939,6.4574100566940775e-31
ACAT1,-1.42066469384274,6.471639136358402e-31
MYL6,-1.0662299420092047,6.5877749721145355e-31
LMTK3,2.3014152055261805,6.661025099146708e-31
ULBP2,3.366646443800101,6.691993159781256e-31
LPHN3,-3.169160242196828,6.726801818632664e-31
SLC9A1,-1.4157567712774917,6.786737583018244e-31
SLC9A9,-2.6896372676104363,7.769015728998331e-31
WDR77,1.2918733924612005,7.769015728998331e-31
NCAPH,1.350902421968274,8.007021336455422e-31
CENPP,1.3560806754221426,8.518997392885165e-31
EPB41L3,-3.520457496162373,8.817019661964213e-31
MAGI3,-1.1425315793962163,9.608282066510161e-31
SLC8A3,-2.161990985843425,1.091842828695527e-30
CHAF1B,1.3227816987890204,1.1173830989496598e-30
TRIM59,1.155553198021492,1.1838083337905197e-30
LOC339524,-2.733045642162716,1.2145006100017568e-30
MXD1,-1.8074252345215704,1.2433758681332751e-30
GPR112,-1.2714356899198362,1.268990128799494e-30
UBE2T,1.4744766587071538,1.2707644050670725e-30
CCL14,-3.472584581272385,1.3026977086176722e-30
PCDH10,-2.759988632099605,1.3324490624227323e-30
UGT1A10,-4.659968335323212,1.3438361668380222e-30
HAGHL,2.977101091591335,1.3539307768782224e-30
RAD54L,1.6230856302234384,1.4589316382007478e-30
RUNX1,1.38219009039741,1.4749275501796974e-30
CCDC152,-2.9033209363806938,1.4752325278392169e-30
WNT3,2.1910928876002,1.4822087164693244e-30
TM6SF2,-3.3127044942862023,1.4942247135993962e-30
PFDN2,1.0194121695377838,1.634725471023727e-30
SOS2,-1.021776769571897,1.6485881388609476e-30
ERCC6L,1.7718667746887276,1.6761446870762052e-30
UTP20,1.0940330547501294,1.6872107692115896e-30
KRT9,-1.5878412502132018,1.7364848732036106e-30
BTD,-1.1148769316049822,1.7759297292353088e-30
VEGFA,1.461105304451653,1.7903037769716214e-30
OAF,-1.0532824577861175,1.7903037769716214e-30
SQLE,1.8137273665359075,1.7903037769716214e-30
KAT2B,-1.8015346324407335,1.8258380575522234e-30
C1orf112,1.2186987634316964,1.8320165376476092e-30
GPX3,-2.910945283984302,1.90139178732776e-30
RCN1,1.2934293621013069,2.0490175867536987e-30
BUB1B,1.4317415998635488,2.0951624993665948e-30
DPF3,-2.97469081528228,2.148830273576084e-30
RGS16,2.284222548183529,2.2212046017272906e-30
CHEK1,1.1660607368241536,2.2318800068895927e-30
C9orf4,-1.370633933140031,2.26305936773983e-30
CAND2,-2.1157872334982075,2.3130322979902132e-30
ZNF692,1.529287199385978,2.3825649207058022e-30
KIF1A,-4.293104238444485,2.5223997632134853e-30
TMEM97,1.5035913525498952,2.53236092434251e-30
TNS4,3.341939646938429,2.5992784956725592e-30
MAD2L1,1.4771368412075745,2.7849359450222645e-30
TSPAN1,-2.715077835579047,2.8043605786942793e-30
C14orf79,1.302479396213541,2.944496675340584e-30
CTU2,1.0334553044516523,3.0296715522877282e-30
RRM2,1.5348995224287965,3.0497640790252197e-30
PLSCR4,-1.7024785178236446,3.089744108274712e-30
CNTN1,-3.9138050827221567,3.1202934095649783e-30
TNFRSF17,-4.3466234862698325,3.364817197788935e-30
POLQ,1.5953805645573933,3.3695253047975336e-30
DBF4B,1.2358434760361616,3.5090348470437514e-30
TGIF1,1.1143079396213498,3.770085654483546e-30
MOCS1,-2.13670941497526,4.06282303136805e-30
C20orf200,-3.108101569162545,4.087275229758048e-30
MT2A,-2.6598973392461183,4.152412919800688e-30
RACGAP1,1.079595710387169,4.153739463862945e-30
TGDS,1.1635197936210186,4.327320560470403e-30
WDR66,2.5493424697253926,4.334440178886164e-30
EPHA6,-2.4261768719085794,4.643927643781014e-30
UGGT2,1.2467314941156395,4.963165851114781e-30
C4orf19,-1.7954572744328825,5.084083868244123e-30
ANK2,-3.499104869520721,5.120585549507658e-30
RP9P,1.0815154443117851,5.1335838909037456e-30
C5orf40,-1.8200212860310423,5.219504224358748e-30
ACAA1,-1.0904586559781675,5.4306189807969414e-30
PLS1,-1.3917533003581664,5.718106282572695e-30
DSC2,-1.6408824407300049,5.7525496176123645e-30
NCAPG,1.344166203308892,5.764744473258002e-30
OXTR,2.402968284154874,5.768924369914444e-30
MOBKL2B,-1.657017286372156,5.848107183543188e-30
DSN1,1.1763115811018243,6.133567359507056e-30
OCEL1,-1.329474407300017,6.3080867340542064e-30
CRYBA2,-3.13159483199727,6.366537756334213e-30
C14orf43,-1.169492913184385,6.554162342427589e-30
TTK,1.372180086986181,6.724658567424063e-30
ATAD5,1.4153483370288225,6.820907213077904e-30
CNTN4,-2.99757866280062,6.948759096636925e-30
SRM,1.102361376428444,7.257148890338562e-30
HEPACAM,-1.9956558843595436,7.4631531571917e-30
ZSWIM6,-1.0543442947296633,7.653813858012866e-30
C16orf46,1.129972130308719,7.710937987152343e-30
EPHA7,-3.997742844959917,7.754388188337398e-30
NTN1,-2.918095821251921,8.608577041371989e-30
TIMELESS,1.131357172096198,9.449668561870517e-30
RCAN2,-2.180508818011262,9.466257318269516e-30
CDCA4,1.2599933566433634,9.806840501039925e-30
NEUROD1,-3.9067597134572742,9.85139277415727e-30
C2orf7,-1.1512447637728158,9.977576518796633e-30
DNER,-3.4057179259764645,1.0660792420443823e-29
DONSON,1.0462796179430305,1.0753417034745958e-29
HRCT1,-2.8147843169026103,1.1207966395151202e-29
GLIPR2,-2.1312916680880107,1.272849025525664e-29
SLC35D1,-1.270283242367389,1.2795403591457278e-29
LRP11,1.1406923929728805,1.3012758919713153e-29
SLC5A11,-2.935033950196145,1.3322690642488157e-29
SYNPO,-1.81727249701518,1.3909875693541904e-29
PTH1R,-2.784139101142759,1.4040098711452768e-29
CPNE5,-2.419085323213374,1.4288196492823788e-29
ATG9B,3.152006054920691,1.5670824864682724e-29
FAM63A,-1.194926590482698,1.6666703468938702e-29
FAM181B,-2.6489545283984297,1.699671944036451e-29
IGJ,-5.784816689408155,1.7710984630513538e-29
B3GNT7,-4.114250631076239,1.817415737152313e-29
PHGR1,-3.238241702200245,1.8501650553211057e-29
TLR3,-2.428255261811364,1.8593384427394426e-29
CELSR3,2.6024487037352984,1.8738294083752745e-29
RPP40,1.3258587497867946,1.8871142504547567e-29
STX1A,1.7799865427255677,1.9108638313423162e-29
ASB5,-3.301034214565921,1.958366248867463e-29
BRCA1,1.3383604212860387,2.0716908201646335e-29
RHAG,-1.0014039740747058,2.148741127684676e-29
IPO4,1.1796668684973657,2.184109621307013e-29
RYR3,-2.1498436465973056,2.2384525996945978e-29
PQLC1,-1.16001794303258,2.2508541202658293e-29
MYC,1.7665795838308007,2.2757940461498866e-29
NOTUM,6.394346691113761,2.4082750427231458e-29
SYP,-2.283057376769575,2.456936551360293e-29
KIAA0513,-2.236785434078115,2.4842933856967494e-29
CEACAM7,-6.08735913354937,2.546558304428828e-29
TMEM59,-1.0638633549377552,2.5879482223375425e-29
?|10357,1.117721976803681,2.5961533037768174e-29
GLYATL3,-1.3916405594405596,2.6187596261580283e-29
C2orf58,-2.039989280231964,2.6550498091453226e-29
C9orf7,-1.1912676104383395,2.6748599670458665e-29
TCF7,1.8964018676445529,2.6828252993508556e-29
RAE1,1.2382268463244124,2.7472530396144946e-29
C7orf10,-2.692589049974416,2.928663476435369e-29
MRPS17,1.0735042810847686,2.968531545378443e-29
KLRF1,-1.8872853146853144,3.028633261292933e-29
BTBD3,-1.2632595599522372,3.0525981493812376e-29
URB1,1.0704849138666166,3.055339499656942e-29
DTL,1.3674144465290894,3.220849151764865e-29
ATP13A4,-3.5079485587583163,3.238053988535054e-29
INA,-3.416499061913696,3.2703431947143213e-29
LOC646627,-5.441716510318951,3.440535063190891e-29
LOC401093,-2.2934595684803005,3.4474656229023824e-29
CLDN5,-2.696656703053045,3.632053434112335e-29
HM13,1.043114258911828,3.9908989795709286e-29
HMX2,-2.1138948831656146,4.125130583951892e-29
GNG2,-2.048678876002045,4.2582749842683945e-29
BTNL8,-4.318947791233161,4.261639903796759e-29
DBNDD1,2.290455696742284,4.611033526076049e-29
NPTX1,-4.378626624594919,4.7652075584419937e-29
CLEC10A,-3.800294823469211,4.7733388287195666e-29
CENPH,1.334648413781342,4.849743132750647e-29
C1orf173,-1.928893228722497,5.293204530515769e-29
CTXN2,-1.2162988913525496,5.436007445890132e-29
LOC388796,1.849360864745008,5.491536372643217e-29
KIFC1,1.248692486781506,5.491536372643217e-29
TGS1,1.004806148729319,5.562076701816061e-29
PRSS36,-1.6570862016032732,6.207698041003014e-29
TCEAL5,-2.106051381545284,6.221370017958896e-29
GPM6B,-2.762421627153336,6.279541115201049e-29
C15orf48,-2.91476481323555,6.293256047580605e-29
LOC643763,-2.903153658536585,6.338343812716572e-29
GRAMD1A,1.447537958383073,6.4596014820884e-29
RIC3,-3.01871732901245,6.585659801412899e-29
TP53I3,-1.2632982773324315,6.738849927964528e-29
PCOLCE2,-4.487203266245952,6.752579369720706e-29
PRC1,1.2611007334129312,6.954511208646105e-29
PSMC3IP,1.5747463755756446,6.97771280134362e-29
MAPK10,-2.6479939791915363,7.228606262169137e-29
PAG1,-1.8787617431349108,7.41371684791614e-29
DNA2,1.4941215504008163,7.581908312879506e-29
NLE1,1.1846442520893827,7.756003976802756e-29
ARRDC4,-1.6976709022684666,7.854761202407236e-29
AKAP9,-1.145922727272735,8.164490262359474e-29
PDE7B,-2.534508937404061,8.206987371723101e-29
NOP16,1.1532902012621573,8.212384773152995e-29
PTRH1,1.2635958383080244,8.738695504170777e-29
EXOSC5,1.1894938171584517,8.822031812170581e-29
SCUBE1,-3.082290150093812,9.31672773835252e-29
HMGA1,1.3094458127238615,9.438687067688843e-29
UNC80,-1.9055077946443808,1.0150303167551823e-28
GALNTL1,-3.3723499829438874,1.04514656392388e-28
FAM129A,-2.906906830973904,1.0870158277494443e-28
C7orf31,-1.872819000511682,1.1150196400833522e-28
ALKBH2,1.1545009380863052,1.1279973503528718e-28
DCLK1,-3.4477806754221385,1.1448862883744566e-28
CCDC150,2.2148797714480644,1.2045627705041122e-28
CTHRC1,3.32075913354938,1.2213814636574023e-28
CAPN5,-1.6028812126897505,1.2213814636574023e-28
GGCT,1.2066546051509397,1.2213814636574023e-28
ZNF74,1.0597074023537525,1.228247172726551e-28
NCAPD3,1.0707803854681934,1.230097744965028e-28
PDCD11,1.0381116322701658,1.2860969785478914e-28
LDB3,-3.719065606344875,1.3170336249613055e-28
ADCY5,-3.942307871396896,1.323210952240099e-28
ABCA6,-3.453869316049805,1.5201032682205122e-28
AMN,-2.82773784751833,1.5268664786823282e-28
LAMA1,-3.150187676957188,1.5268664786823282e-28
NEU4,-3.4727880095514205,1.561628511017381e-28
DGAT2,1.931710583319127,1.5778820903599963e-28
TNFSF10,-1.4770285434078172,1.5818332829490572e-28
C16orf55,1.0948292597646274,1.5954136860458506e-28
GLTPD1,-1.083019878901588,1.7770885419394675e-28
PLAC8,-3.976085186764454,1.793551546649728e-28
CDCA3,1.4340134231622113,1.8947198743617046e-28
CD44,1.2441427852635147,1.9183509016965101e-28
RAB4B,-1.0393360992665936,1.926822059000212e-28
SSTR3,-1.7294413099096029,2.0014663850182873e-28
SLCO2A1,-2.415865393143441,2.039887847711393e-28
C6orf105,-4.621877792938764,2.243689527123569e-28
ATP1B2,-2.5619309227358014,2.291080863058912e-28
APOBEC3A,-2.658125370970489,2.337174175383584e-28
CHP2,-5.83631872761385,2.365039480038978e-28
SNORA8,1.317119281937571,2.652031670527667e-28
ADAT2,1.4551036755927065,2.735205555594664e-28
FIGNL1,1.1745121439536144,2.811697437284301e-28
DSCAML1,-3.1964540081869344,2.8200940945724307e-28
KRT17,4.750370927852634,2.8200940945724307e-28
NUPL1,1.0001131502643543,2.825802730148906e-28
FGFRL1,1.6458327136278292,2.8955785452358837e-28
SLC3A2,1.014435877537096,2.962344801231781e-28
FCRL4,-2.4387327050997776,3.090911868172206e-28
ATP2B2,-1.8927622718744668,3.115483808279063e-28
SLC32A1,-1.1479054323725055,3.1267172967068372e-28
SLC23A3,-2.5989968702029707,3.127567279551918e-28
CLMN,-1.4066908408664585,3.237491974926138e-28
SLC26A3,-7.441659585536417,3.241600288795393e-28
TUBB4,-1.5057034709193244,3.324345596690811e-28
SIGLEC11,-2.397508306327817,3.3390943701650323e-28
SLC29A1,1.252231263858091,3.361615109972009e-28
TRIM40,-3.2509730428108483,3.3645523200960753e-28
LIPC,-3.377713534026948,3.4199257087696007e-28
ABP1,-2.189943228722488,3.465353419426949e-28
LOC389333,-1.4992036755927032,3.676711299466103e-28
C5orf30,-1.444091037011768,3.6783433716001285e-28
CCBE1,-3.7133455654102,3.73605138197498e-28
RNASEL,-1.3439913866621156,3.761169323718907e-28
TMEM35,-3.722345573938259,3.7739497562433476e-28
GGTA1,-2.884491710728293,4.3499369844426695e-28
C1QTNF2,-1.922378048780489,4.379218577801458e-28
DHRS9,-5.035204869520718,4.430333387688375e-28
GPT2,1.5202511342316267,4.478753038206191e-28
NCAM1,-3.214400409346746,4.63759908874458e-28
GRIA4,-2.6347448064130994,4.767855065112387e-28
SLITRK2,-2.299653249189835,4.77340749066717e-28
FAM162A,-1.1263300187617258,4.789556430028455e-28
UBE2CBP,1.1526492154187258,4.847923635490997e-28
BCL2L12,1.0044396213542592,4.945468420238525e-28
TESC,3.6970745096367033,5.058518889141389e-28
HMGCL,-1.0089162715333444,5.345844370365182e-28
PDE9A,-2.918508135766676,5.350053680423108e-28
SLC4A11,3.631496921371313,5.394197766013417e-28
FMN2,-3.795539280231963,5.5587637332902175e-28
C9orf117,1.5384260617431331,5.827270253980728e-28
TRIM3,-1.0811209619648663,6.10403488065716e-28
ACACB,-2.074813738700323,6.177145367216076e-28
PPP1R14A,-2.348557888453006,6.3996614941756105e-28
NEURL1B,-1.6435930069930134,6.464570293598958e-28
IGFBP6,-2.501820970492923,6.6983214513145e-28
SDPR,-2.831654835408493,6.710898108945569e-28
SIGLEC6,-2.639930726590481,6.88331211644641e-28
FMO5,-2.354962050144975,7.058484327418411e-28
MEX3A,2.6689108562169466,7.1336583772677e-28
SLC35F1,-2.2671450281425862,7.27236838567052e-28
TCF21,-2.6202344533515234,7.338808742533472e-28
CDC45,1.6512456762749474,7.812428632496139e-28
BIRC5,1.4940315708681586,7.903564055234039e-28
SCN4B,-2.6247622974586395,8.549144563509788e-28
KCNK3,-3.4470418130649843,8.690431010327798e-28
PAPSS2,-2.2626224287907206,9.49372220032836e-28
CD209,-3.192766322701689,1.0083386302867358e-27
CLDN7,-1.271809389391105,1.0292684375082117e-27
ARRB1,-1.2577312979703257,1.04091510728194e-27
ACTL6B,-1.3599807948149412,1.0599178536081716e-27
MLXIPL,3.0317117516629697,1.0755890154684066e-27
SEZ6,-2.43555991813065,1.089290096862637e-27
GPR142,-1.3537674484052529,1.0910454994084304e-27
ACSBG1,-1.478626854852465,1.1163393279701636e-27
MCM2,1.1345287651373075,1.1579265055795487e-27
ZNF695,2.0717007334129303,1.1588384847559138e-27
SLC25A42,-1.276905875831483,1.1799519384137991e-27
DPT,-4.513176982773324,1.2406050583055567e-27
KIF5A,-3.3557751407129435,1.2614623214624404e-27
MBOAT1,-1.3410232048439408,1.3374315441894906e-27
LMNB2,1.0824758229575338,1.3523848251879032e-27
C15orf42,1.5943024390243965,1.3910940705984228e-27
FAP,3.786315700153508,1.3921937394372687e-27
C1QTNF7,-3.173501338904993,1.3921937394372687e-27
GINS1,1.572641258741256,1.5576493000062135e-27
LOC100190940,6.108843714821763,1.5872814491459078e-27
LPCAT3,-1.1313194354426042,1.600804012407068e-27
SLC22A23,-1.5995242367388638,1.78692442003904e-27
RGS9,-2.574764207743474,1.7976717101685682e-27
RHEBL1,1.737207624083232,1.815562227415877e-27
CCDC78,3.108511572573769,1.889404850935423e-27
C20orf199,1.6502022769913012,2.0419543550891973e-27
CCNB1,1.431089032918308,2.0793224031015468e-27
CKS2,1.47383777076581,2.1140636786337603e-27
ZDHHC22,-2.0600738018079485,2.2083664412463043e-27
MMRN1,-4.163190678833362,2.3260054130321045e-27
SCUBE2,-3.198001620330892,2.5918743325398296e-27
MARCKS,-1.1207271533344692,2.5978994497922847e-27
ZNF485,1.188406344874636,2.8031731658652468e-27
OPN3,-1.5874325601227994,2.9778120925859414e-27
DISP2,-2.385619392802327,2.9949163032997342e-27
LGI4,-2.768528901586211,3.0976677650359254e-27
TLX2,-1.949682722155892,3.1234177893207643e-27
ARHGEF38,1.3340513389049966,3.138476176878987e-27
CA9,5.28917911478765,3.2159455287264257e-27
MGAT4A,-1.298994311785778,3.3117531042392835e-27
SFTA2,4.074351603274773,3.5446410350175045e-27
CNTN3,-3.8580006907726463,3.6444095650089456e-27
CASQ2,-4.877285681391781,3.6979547486607166e-27
PTPLAD1,1.0028086303939947,3.798010637885085e-27
GRIN3A,-1.971581451475356,3.798465615846273e-27
KCTD9,-1.2277238359201732,3.798465615846273e-27
DPEP1,5.215142017738349,3.811894191239848e-27
GPER,-2.8030356728637216,3.873709110932532e-27
SCIN,-3.314104212860311,4.075959694181181e-27
TUBAL3,-3.288983771106949,4.182310083401091e-27
SCNN1G,-4.011647893569846,4.2028834171835436e-27
LGR4,-1.277985817840699,4.337536347186546e-27
PTGER4,-1.867929711751668,4.4409782596947556e-27
GAP43,-3.6262523878560486,4.7435149877051346e-27
TARBP1,1.190881732901239,4.772151875855565e-27
IGSF10,-3.203437429643525,5.050836269601049e-27
HBB,-3.675898499061916,5.0694401563203686e-27
NUFIP1,1.3350122462902938,5.114944355377464e-27
NAT9,1.0088137045880874,5.136986070685922e-27
TMEM90A,-1.9283542896128267,5.172752927632559e-27
SHB,1.051806003752338,5.182447666693642e-27
POLD4,-1.0527750554323705,5.2855172896623584e-27
ARHGEF37,-1.7775816390926122,5.3024726502482776e-27
WDR7,-1.1829224032065575,5.380570734926348e-27
FANCD2,1.1917307010063125,5.452142655384765e-27
UGT1A5,-1.776985195292512,5.7507166614962446e-27
CYP4B1,-2.8775048609926666,6.019410518949708e-27
STC2,3.571952566945248,6.1326329373040566e-27
GALNT12,-1.549806430155204,6.1381597177523495e-27
INCA1,-1.395498345556883,6.199184852903326e-27
CD36,-3.394495215759852,6.3462066037913076e-27
FABP6,4.720952072317925,6.442497411887272e-27
DIRC3,-1.9554357069759496,6.578516198036484e-27
GNAO1,-3.436940474159992,6.739434851162223e-27
AHCY,1.3146014241855557,7.431171087491455e-27
KIAA1683,-2.3439672096196498,7.448937914399897e-27
ITGA8,-3.1159481408835057,7.470588731665458e-27
FOLR2,-3.240552635169708,7.561738461645736e-27
UGT1A7,-2.3923837711069416,7.835092812405785e-27
CD300LG,-2.835140695889477,7.937278861265552e-27
STYK1,-1.8688194269145535,7.993768410288586e-27
LUZP2,-2.97223009551424,8.406875002306952e-27
CCDC13,-1.625218096537607,8.79771337306399e-27
LGALS9C,-2.8244177213030905,8.818297995239826e-27
RBPMS2,-3.27300030701006,8.935501122829563e-27
SGOL2,1.1194858348968104,9.746442585862792e-27
SLC5A6,1.564867124339079,9.988328343167116e-27
ADORA3,-2.529919571891525,9.988328343167116e-27
ABCC1,1.0984722667576232,1.0210026825179563e-26
CD1D,-2.154974629029509,1.0508947325035955e-26
ARHGEF18,-1.0077303684120782,1.0509083807193114e-26
PLCXD3,-3.341180283131502,1.0747544096165194e-26
ABHD6,-1.1016833702882476,1.090363589665986e-26
BEND5,-2.605647108988573,1.1837011098777675e-26
FRMD3,-2.9434426573426613,1.230948143200539e-26
FCER1A,-3.042740585024733,1.2321729575222059e-26
PTTG1,1.343891992154184,1.233224651868279e-26
EYA2,-4.079496827562686,1.2346358448463987e-26
C12orf48,1.3551156660412795,1.25929557161223e-26
LRRC20,1.0576949172778365,1.2677050579599944e-26
PAQR5,-2.349036491557232,1.2695650301624204e-26
WDR17,-2.714842060378646,1.2932951594898103e-26
ZNF835,-2.101584393655127,1.2932951594898103e-26
C7,-4.761873605662628,1.3563882170868524e-26
BTNL3,-3.74378144294729,1.4327595364471058e-26
RNF183,2.717796699641823,1.447918987397234e-26
MGC42105,-1.7655659645232802,1.4543099429174394e-26
SFTA1P,-2.091044849053386,1.526498544998905e-26
LONRF2,-3.9488724799590624,1.548378035407956e-26
HEPN1,-1.666170262664165,1.6535001414839247e-26
ATP5A1,-1.0498369179600875,1.7693017204285724e-26
ABCC8,-2.519696716697936,1.7721384049310026e-26
DEPDC1B,1.2674364745011069,1.8449921660362129e-26
DPEP3,-1.5951703905850243,1.8543409454180923e-26
CELF4,-2.3697108476888946,1.9184630264691598e-26
CEND1,-2.0424020979021,2.0096881644043034e-26
PAMR1,-2.0822310421285994,2.0119612323961595e-26
SLC41A2,-1.7822801210984194,2.0444996008223886e-26
CFP,-2.424917422821081,2.0444996008223886e-26
GPR56,1.2807300187617212,2.1174557358720007e-26
SHOX,-1.972908255159476,2.2919761411902296e-26
ARL14,-2.359436440388881,2.3176583416327432e-26
C10orf105,-2.0730157683779646,2.3808548557640555e-26
FCER2,-3.794590184206038,2.400414558919559e-26
LETM1,-1.0152022769912925,2.4554587350821215e-26
SEMA6A,-2.982623955312976,2.5145298489992e-26
FOXF2,-2.4694679856728587,2.659803890683307e-26
LIMA1,-1.4047567286372171,2.677044573749645e-26
ECE2,1.120380419580421,2.697823380369344e-26
KIAA1370,-1.1866796776394395,2.7760399911946035e-26
CTNNA3,-1.874473153675592,2.86864870246453e-26
C8orf46,-1.9468767951560644,2.9414592283235576e-26
NANP,1.1988939706634802,3.3144925714285406e-26
ZDHHC9,1.19468540849393,3.426259798195457e-26
FAM189A2,-3.011131425891179,3.4439078921357973e-26
UCN2,2.5400921030189303,3.560298035607491e-26
PEG3,-2.795454050827219,3.7629749822754e-26
COL4A6,-3.172532338393315,3.817017178325152e-26
TDRD10,-1.8332816902609583,4.035759602521128e-26
HOXD1,-2.948142384444824,4.1109490253337686e-26
IGSF9,-1.9205172010915987,4.119047361435244e-26
PTP4A1,-1.0654779805560342,4.121886810769898e-26
GTF3A,1.5417323895616644,4.155894312134285e-26
MGC14436,2.696011768719085,4.225080379011873e-26
KCNJ14,1.5627292512365698,4.242300684053146e-26
SLC20A1,-1.2419048951048968,4.46455505721607e-26
GAD1,4.0221809568480325,4.492274277268591e-26
SCN3A,-2.626172249701519,4.665134618767248e-26
TTLL6,-2.831479140371824,4.866258703836947e-26
HIST1H1C,-2.047061743134916,5.328031904863775e-26
GFRA1,-3.689399616237424,5.500639962377783e-26
TH1L,1.247219537779296,5.900833967224469e-26
PSRC1,1.2651296605833204,6.122692301492262e-26
TMEM179,-1.210096153846154,6.144774220809102e-26
LCN10,-2.474777477400649,6.317225241858834e-26
GJB4,3.4927403888794104,6.382387343304588e-26
GRIK5,-3.077700827221562,6.382387343304588e-26
OTUD6B,1.182211342316224,6.400752861993802e-26
PTX3,-2.309229498550227,7.122726445292563e-26
CHGB,-4.433748891352551,7.207828649858241e-26
DKFZp779M0652,-1.4092388964693852,7.477728499852382e-26
TRMT112,1.0068279549718395,7.965447387887456e-26
DUS4L,1.0611446102677835,8.096417546856334e-26
RPL10L,-2.6274308545113407,8.260478715164878e-26
FOXM1,1.3896331997271023,9.157397622807956e-26
PSPH,1.3664439962476544,9.450475668390388e-26
SCGB2A1,-3.521104485758146,9.72308089227908e-26
ACADM,-1.3081573767695716,1.0018477805491984e-25
RICH2,-2.6525286116322686,1.0034603440657724e-25
KIF20B,1.170304255500593,1.0090542192637164e-25
ADAM12,3.689129549718571,1.0217021044537052e-25
EPR1,1.4427264455057165,1.0305171006137685e-25
CORO2B,-2.776470518505886,1.0489964172919397e-25
PRKCB,-3.054256754221388,1.0571596743877785e-25
PDCD5,1.005412775029848,1.0768438122379998e-25
ERBB4,-1.5623899965887766,1.0775663063916456e-25
RASD2,-2.6217968275626733,1.0960672492255595e-25
BTBD16,2.50678340440048,1.1057634196125667e-25
MRTO4,1.0057263175848572,1.1261543599260175e-25
SLC6A15,-2.593295249872079,1.1713442228431549e-25
PAQR8,-1.7213103018932363,1.2260541289507943e-25
RPL36A,2.135328176701349,1.2374531014501226e-25
VAT1L,-2.4926754988913498,1.2478956838169029e-25
CGRRF1,-1.0631959235886077,1.2752487497470185e-25
PCNXL2,1.4047962305986648,1.2756000291484686e-25
RGS13,-3.169228296094148,1.3319286738230684e-25
CSRP1,-1.5175727613849563,1.3319286738230684e-25
RCAN1,-1.2448360054579606,1.3647706072996366e-25
GDF1,-1.6723614958212512,1.4215131451999848e-25
SIDT2,-1.0893738188640525,1.4744445486778734e-25
ACCN2,1.9869831741429345,1.479948008994104e-25
MFSD2B,1.388951739723688,1.4916014731346894e-25
PABPC1L,2.7651000767525185,1.547342192957631e-25
KIAA1211,-2.1830307265904825,1.6070588946021392e-25
PDK2,-1.1661608050486088,1.6302885880935462e-25
ZBTB16,-3.5403011853999686,1.6614833062795089e-25
BLM,1.273537753709709,1.6765965720501923e-25
EPB41L4B,-1.4341960941497582,1.8291133931073847e-25
CLCN2,-1.612036790039232,1.8353163434853653e-25
ADRB2,-2.4631884274262297,2.159881750981645e-25
LRMP,-3.185730189322869,2.1612697808172757e-25
ITM2A,-2.509905909943715,2.2160818461468027e-25
E2F5,1.474103598840185,2.2343445099905604e-25
MYLK,-2.895718275626807,2.4191405104012317e-25
ZC3HAV1L,1.5220807521746558,2.491975044480548e-25
STIL,1.1914557479106254,2.543703423372244e-25
RHOU,-1.5292269316049794,2.67195926295117e-25
SLC18A3,-2.323050801637388,2.683972574160374e-25
UGT2A3,-5.416765828074365,2.740388356249316e-25
RAD51AP1,1.3704477571209193,2.803246997355112e-25
ACSF2,-1.7786903718232914,2.81382425758684e-25
RCC1,1.112505662630058,2.898988168505927e-25
KIF24,1.0995203138325182,2.9615893066084566e-25
SLC7A6,1.053618923759167,3.3531529700569627e-25
SULT1B1,-3.2729221132526023,3.7015671530614103e-25
MYH11,-4.421860549206899,3.719675241349001e-25
CHL1,-3.3199072659048303,3.738183484864733e-25
RAVER2,-1.1628188214224906,3.979535599029977e-25
JPH3,-2.258872036500087,4.0013786078727183e-25
TCN2,-1.8596747398942528,4.36102013640045e-25
MORC4,1.3583310506566555,4.5364534516278265e-25
TMEM30B,-1.1246263943373815,4.673120714846942e-25
MAOA,-2.361672531127409,4.7149883508278045e-25
KIAA1045,-2.141763346409688,4.815682619741419e-25
PLCD3,-1.688254443117854,4.8818322807682185e-25
IL23A,2.6476248251748244,4.888931449397149e-25
KIF5C,-2.3834859372335,4.967370480372131e-25
PDLIM2,-1.398882219000507,4.967370480372131e-25
F2RL1,-1.2540486952072367,5.169212794597987e-25
CST4,3.3475426488146,5.3772773360797305e-25
MPP6,2.1251772130308693,5.703214679611116e-25
SNX32,-2.623090133037692,5.896073261539373e-25
PLOD3,1.0096382824492751,5.980640713836448e-25
TG,4.045494269145485,6.368326250164703e-25
FUT9,-1.6939552618113594,6.394118831616412e-25
PYCRL,1.3775001364489174,6.518693329897372e-25
SLC10A1,-1.2479258485417013,6.543035819208615e-25
CCNE1,1.3873579396213538,6.7164211155084935e-25
PCDH11Y,-1.3320982517482516,6.773763050660098e-25
HHLA2,-3.4617933225311184,6.773763050660098e-25
PCSK9,2.906783353232142,6.773763050660098e-25
ZMAT4,-1.6757240747057822,7.216917053306049e-25
PA2G4P4,1.019482261640798,7.463795021924837e-25
S100P,2.6424921200750457,7.704232307762187e-25
LEMD1,3.960456805389728,7.724682676190503e-25
PRKACB,-2.299266416510319,8.522702561129884e-25
C8orf80,-3.1298310506566613,8.717416371767218e-25
JAM2,-2.89639653760873,9.025412482511551e-25
C14orf139,-1.927419793621016,9.415873374376076e-25
ACSS2,-1.2090806583660283,9.466077714716755e-25
EPAS1,-1.2929525157769175,9.615089850295121e-25
PRDX4,1.1225229234180425,9.72967193391969e-25
PDZRN4,-3.851894047416,1.0118358407080203e-24
STAP2,-1.234125294217975,1.020023045621863e-24
LPP,-1.5163830121098378,1.0241029797018891e-24
LRRC19,-3.4865838222752874,1.0288499687098306e-24
VIPR1,-2.1297328586048003,1.054441515598153e-24
DIRAS1,-2.755129148899882,1.0833147594707678e-24
SYNM,-3.9494664676786577,1.0845330669402656e-24
PANK3,-1.111109048268803,1.1571870599135024e-24
FAM46C,-2.391241685144129,1.1936297233802454e-24
PLD1,-1.3579583745522663,1.2331768227184116e-24
AGTR1,-3.625603232133722,1.2479524574287732e-24
PROKR1,-1.08369968446188,1.248632145571329e-24
CDCA7,1.5901308118710595,1.2728302728796464e-24
TMPRSS2,-1.4502459065324853,1.294783367674445e-24
NUSAP1,1.2289529592358903,1.3560614647013055e-24
FZD5,-1.033604084939448,1.3734853267628236e-24
SYN2,-2.913348302916597,1.3944399809075982e-24
TRAIP,1.1087437489339864,1.420621897845787e-24
C8orf30A,1.159526837796344,1.4766721197176023e-24
DLGAP5,1.291969529251233,1.4802441448757448e-24
ZNF132,-1.3117223776223783,1.5218052619879651e-24
STK17B,-1.165925029848195,1.5418464389283843e-24
SELENBP1,-2.771149223946786,1.549469218850974e-24
EFCAB1,-1.4612359969299002,1.5958125412589608e-24
ZFYVE28,-1.552553812041615,1.6126180082416502e-24
HMOX1,-1.855812485075898,1.6263913539908356e-24
SPERT,3.1411174910455397,1.6271398848833172e-24
CAPN2,-1.2471763175848611,1.6354912527207688e-24
TRHDE,-3.2020717806583634,1.742432470816065e-24
ZNF697,1.2465042555006018,1.849677844204663e-24
CGN,-1.3085727187446778,1.8516955929543068e-24
GPR27,-1.6807280061402017,1.884739387928632e-24
STK31,3.1307377025413627,1.906656951361996e-24
SPAG5,1.1293105065666005,1.9610235949064212e-24
CYP2B7P1,-2.6387850332594267,2.1082128619092877e-24
CDCA8,1.0638358348968122,2.126177633669656e-24
RPS6KA5,-1.4078972710216595,2.139847564613916e-24
FASN,1.3639294388538232,2.170086241753428e-24
CREB3L3,-3.6726822957530274,2.1797786206502063e-24
ENTPD8,-3.5618081613508465,2.2053938798551552e-24
BFSP1,1.9147920859628176,2.2096487808851435e-24
RBM20,-2.315296230598668,2.2332989514458195e-24
BCAS1,-3.0567832935357355,2.2388211037016367e-24
BOP1,1.7054843680709473,2.4172813644797465e-24
PTK2B,-1.2954655040081864,2.452948362680988e-24
MORN5,-3.014126675763261,2.4770171105802884e-24
SLC6A9,-1.733014949684469,2.5069600629631104e-24
PRRT1,-1.6973954374893383,2.6127534793678732e-24
VIP,-4.97732226675763,2.7402888940902423e-24
GDPD5,2.263181647620669,2.9727882039887397e-24
SNAI1,1.6635422565239644,2.9778151332677007e-24
GRINA,1.0807890585024698,3.0118813570475967e-24
FNBP1,-1.8402249019273464,3.307822230412321e-24
HADH,-1.0588560890329235,3.460540924273188e-24
TMEM140,-1.3169990789698112,3.5965408303514e-24
PLA2G10,-2.4390043578372804,3.597390774822261e-24
KCNAB1,-1.7103891693672209,3.67978356015096e-24
ADRB3,-2.1143000341122296,3.82401919011085e-24
C4orf21,1.2454440388879489,3.83261215586224e-24
CCDC34,1.0481636619478092,3.844798377706572e-24
SNAP25,-3.166006242537949,4.090538245037187e-24
CD200R1,-2.312761214395361,4.148636459977495e-24
CDC25C,1.2180310421286036,4.3538369715749774e-24
SEMA3D,-3.3684549718574117,4.3723027873684195e-24
DPP10,-4.296904306668942,4.4775425145690304e-24
PTGDR,-3.7714689067030567,4.4807868499942825e-24
MARCH2,-1.0728717977144857,4.480838550498842e-24
FAM70A,-2.728879771448067,4.481854479465728e-24
SNCG,-2.4527346665529555,4.481854479465728e-24
ZNF676,-1.5895353146853146,4.4974067306802916e-24
HMMR,1.415126053215074,4.5642356176777255e-24
LHFPL4,-3.382787062937062,4.5969009128287686e-24
LIF,1.7055760191028542,4.8439973475012e-24
SEZ6L,-2.254365427255672,4.9307383908149074e-24
FAM72B,1.5258402268463271,4.944791973725847e-24
CCL28,-2.7582226249360344,4.971558381600058e-24
CHD7,1.1335331144465286,5.1130666881816526e-24
BMP2,-2.2090358178406904,5.2403032118214134e-24
SLCO1C1,-1.4824413525498894,5.344584341499797e-24
B3GNT8,-1.7844850247313602,5.4179834666992636e-24
LOC645323,-1.714426923076922,5.442815536420323e-24
MSMP,-1.0300373017226765,5.451496713024127e-24
KLHL34,-3.201413005287395,5.5734258132239654e-24
IGSF3,-1.296426172607882,5.6107162394540064e-24
GDNF,-1.6355437062937068,6.1464035878204434e-24
SEC1,-1.273618284154871,6.228617565931022e-24
TCEAL2,-3.5805910796520566,6.3704089568994985e-24
GNB1L,1.195620646426745,6.655205599351445e-24
RELN,-3.656015486952073,6.820817543788419e-24
SIGLEC8,-2.859280180794813,6.843144772049877e-24
LMOD1,-3.3648785775200523,7.124806934508574e-24
GRIA2,-1.2378293024049127,7.137832409480987e-24
KLC4,-1.2512316646767925,7.296375572476089e-24
BMP6,-1.954686534197509,7.374538766660996e-24
DHCR7,1.2481381374722833,7.685019782754413e-24
BMP5,-3.630349633293537,7.927426363555946e-24
MICALCL,-1.6479282022855235,7.971350324233955e-24
AKR1B10,-4.477592930240489,7.979128701542681e-24
CARD14,2.1243866194780847,8.095192732823283e-24
PCK1,-3.5917570868156226,8.134638852490658e-24
ADAMTSL1,-2.585119708340432,8.180740984042592e-24
TIGD1,1.372425840013646,8.189671623570655e-24
WDR90,1.3008333105918446,8.256566151854671e-24
NTRK3,-2.508766885553471,8.570223340698296e-24
HS6ST3,-2.2580347091932444,8.780666175394517e-24
NT5DC2,1.3012448234692204,8.913721952900441e-24
TMEM120A,-1.060405304451642,9.350958083492904e-24
MAPK15,3.1790507760532165,9.350958083492904e-24
SLC10A4,-2.130825814429472,9.725595634039445e-24
TRIM9,-2.8187062510660046,1.0520335712051869e-23
DDX11,1.22705516800273,1.0895456515164096e-23
MOGAT2,-4.0698128944226495,1.0896072190261981e-23
C8orf85,-1.9264339587242012,1.101207976745712e-23
GRIA1,-2.067244362954119,1.1050322088509902e-23
PLK4,1.1082387941327,1.1050322088509902e-23
SNX24,-1.5695239723690912,1.1772782617861162e-23
FAM188B,1.221488453010405,1.1786289314633478e-23
NHSL1,-1.1770528568991967,1.1898376101709331e-23
EIF2C2,1.0877936636534224,1.1990231494419065e-23
NAA16,1.002064830291662,1.2572733569929645e-23
XDH,-2.968071098413782,1.2647239940869678e-23
ATP6V1E2,1.1995587497868003,1.2886079966404471e-23
GPA33,-2.2882435954289573,1.3067523941439945e-23
TAS1R1,-1.713936730342828,1.3363472660902884e-23
KIAA0406,1.059345266928192,1.3895000060045333e-23
LGALS2,-3.728580445164584,1.4215306228327696e-23
SPRY4,1.0617349820910835,1.4463137562229088e-23
TNFRSF10B,1.2199473818864046,1.534177360724349e-23
LAS1L,1.0193070271192184,1.5343657090890264e-23
FAM161B,-1.5228719682756289,1.5995237383649218e-23
ADAMTSL3,-3.4189452498720776,1.6381557211171274e-23
TJP3,-1.4027250127920825,1.641387826183953e-23
POU5F1B,3.108308818011261,1.6705956333278814e-23
CAMK2A,-1.935309295582467,1.678520738999591e-23
GYPC,-2.038713679003924,1.702524059162288e-23
ZNF643,1.3459802916595596,1.7091256122217317e-23
SYNPO2,-3.613769043151976,1.737425377190743e-23
SLC2A4,-2.374455995224288,1.7510229663064506e-23
EXOSC8,1.0917811529933452,1.7546656938852082e-23
STC1,2.257592350332593,1.7582845254496698e-23
LRRC4B,-1.7724209790209784,1.825686719893225e-23
SGCA,-3.4498844959918142,1.8595728628112552e-23
VSNL1,2.4667996844618774,1.9100211788985373e-23
NUDT1,1.0362527204502836,1.951762375778982e-23
MPEG1,-2.6154433992836417,1.9711071429085365e-23
TACC3,1.104289288760011,2.0977111956094545e-23
FNIP2,-1.188767550741943,2.1416187566433972e-23
ZNF671,-2.0000017823639755,2.2166804471579042e-23
MT1E,-3.4442497271021626,2.255357370003034e-23
ASXL3,-3.054408144294732,2.258679803429984e-23
CYP11A1,-2.0257132611291144,2.325373874983024e-23
KIF11,1.1171002899539495,2.3455150665757745e-23
LOC100130933,-1.942008596281772,2.353356518339912e-23
WDR67,1.0376162033088887,2.415906070478193e-23
FOXN3,-1.1994861930752236,2.416671164282441e-23
S100B,-2.595800972198533,2.6711834270683043e-23
TLL1,-2.8616924015009397,2.7376938170429386e-23
RSPO1,-2.4218552106430167,2.902074320903063e-23
GCNT4,-2.4789350247313657,3.014595611569448e-23
GTF2F2,1.1195688896469314,3.0701473756749546e-23
STAP1,-2.765780538973222,3.117292145987279e-23
SH3BP1,-1.1339319631587923,3.174987702173173e-23
CFL2,-1.911015103189496,3.2668059683706764e-23
POLR3G,1.637625643868324,3.380060610151853e-23
ZNF229,-2.191800332594236,3.458954438765631e-23
PTPRF,-1.037787122633464,3.5709574837370377e-23
PDE5A,-1.8831547501279164,3.583072264109704e-23
SH3BGRL2,-1.110397637728127,3.6570589265061234e-23
NRG3,-1.4105722497015185,3.784319156393611e-23
NEIL3,1.4185106259594091,3.790462375469841e-23
CHST8,-1.8112080845983292,3.7991178275562257e-23
BHLHE40,1.3929114446529152,3.974730758751426e-23
PGR,-2.658851697083406,4.1192661810840217e-23
IRF4,-3.1942886406276703,4.128533885833338e-23
SVOP,-2.406416817329012,4.145294115089229e-23
AGFG2,-1.1270821251918797,4.2546571835709816e-23
TMOD1,-1.86384321166638,4.387400825506747e-23
CCL13,-3.857752370799928,4.490249052731532e-23
CD101,-1.6616366962306035,4.498885513625792e-23
MIR17HG,2.1633881801125723,4.5890065900190106e-23
TLR9,-2.1391200665188483,4.6678376637957553e-23
LTBP4,-1.6667629200068197,4.727590297097596e-23
KLF9,-1.826584180453695,4.9235207137838274e-23
DHRS2,3.052408050486098,4.970908826991296e-23
RHOC,-1.0189925123656778,5.0336568943620057e-23
DAAM2,-2.1383800358178418,5.320029897258181e-23
MPI,-1.0702221985331768,5.415143008717499e-23
NFKBIL2,1.2714264199215428,5.607975998727158e-23
LY9,-2.8310093552788684,5.61218016746453e-23
RAB36,1.8356743305474987,5.776285726469232e-23
NOX4,3.0280894507931126,5.868555884258302e-23
FAM57A,1.245610020467346,5.929664753531579e-23
CEBPB,1.0796496844618808,6.01401902864934e-23
C1QL1,-2.0907446614361294,6.350820392003858e-23
C10orf35,1.445977187446701,6.502841464935306e-23
IL8,3.4631567456933414,7.066939800469085e-23
SNRPF,1.0169530274603584,7.10889203305361e-23
KCNA3,-2.849399573597136,7.254718826990144e-23
LEAP2,-1.8982599181306503,7.292680809448308e-23
HCFC2,-1.187152925123658,7.31116530667694e-23
TFR2,2.637790985843424,7.680754614518286e-23
UNC5CL,2.091886201603277,7.722412091020035e-23
NIPAL1,-1.539359517311956,7.794320282659207e-23
KIAA1239,-2.599887694013303,8.213293086382445e-23
NAT1,-1.6667895872420289,8.354616420431766e-23
DDX12,1.472000162033087,8.434878263177173e-23
PASK,1.0798623315708715,8.648617079832098e-23
C15orf38,-1.011165964523283,9.602462961605006e-23
PTCHD1,-3.079555031553814,9.893990978126684e-23
UGT1A9,-3.785249411564042,1.0003205983238236e-22
CHCHD6,1.0664221900051194,1.0278876543120458e-22
ZNF239,1.6964444397066325,1.0649428924771205e-22
KCNC1,-1.661237250554324,1.076640213680585e-22
TRAF5,1.4084666211836936,1.090427410095922e-22
NKD1,3.919084504519871,1.119240663913888e-22
LOC283856,-1.3792782108135766,1.1224317518608505e-22
CENPW,1.2103099096025858,1.1473373453312764e-22
HRNBP3,-3.4064902524304963,1.1475490604522142e-22
OTUD7A,-2.1300256609244435,1.160957210114448e-22
TCF7L1,-1.4682024049121578,1.1951866242349224e-22
MSH5,1.508105372676102,1.202055011331461e-22
ATP2A3,-2.12564094320314,1.221542676107788e-22
MMP3,4.525638922053552,1.245443113540952e-22
TSHZ1,-1.1699560719767987,1.3126520121170608e-22
MAD2L2,1.0508739126726878,1.3552036239937748e-22
HSPH1,1.513438137472276,1.3923510647794857e-22
IMPA2,-1.2300138580931144,1.4162079420088994e-22
PDE1C,-2.046645411905168,1.4248882125223045e-22
SAMD10,1.2365943117857796,1.4285801011680876e-22
KRT23,5.459117184035476,1.4393767311698801e-22
UGT1A1,-4.054895608050487,1.4393767311698801e-22
ASPHD1,2.080793271362783,1.4474681635312794e-22
NAALAD2,-1.52177918301211,1.471987120375553e-22
VILL,-1.896588853829112,1.4909564725331083e-22
EPM2A,-1.176696196486442,1.5368438464038853e-22
C17orf76,-1.3870512450963606,1.5640849275872237e-22
ANKRD56,-1.2572732219000518,1.5906275029157897e-22
CHI3L1,3.4770977912331533,1.6359323124554975e-22
NR3C1,-2.066872744328844,1.7191726263127957e-22
KIAA1409,-1.5126042555005976,1.7218442058838434e-22
GPR88,-1.833129950537268,1.7570644978055566e-22
TCFL5,1.2450567542213813,1.7679475310750881e-22
PHF7,-1.2564372334982077,1.779116650382957e-22
PRKDC,1.2075831400306942,1.7969743948907062e-22
CDC25A,1.2671618369435445,1.8174277657191881e-22
HPCA,-1.886913013815452,1.8431988091815413e-22
TMEM67,1.2598031894934278,1.9529082950978777e-22
BEX4,-2.257616220365001,1.9974549263809305e-22
SHE,-2.093664241855703,2.018795517552457e-22
MIXL1,-1.3544651969981238,2.0792931555190016e-22
HTR3A,-2.836338947637727,2.0821510521564853e-22
HSPB8,-3.0235095514241905,2.1346985557851345e-22
TLX1,3.1791710643015536,2.136018871267373e-22
LRRC66,-2.0354847347774188,2.172825860273048e-22
GSTA1,-3.928532338393312,2.2623864306331183e-22
DVWA,1.5154812979703216,2.269387001589933e-22
ZNF540,-1.551995915060547,2.3975232789076233e-22
PGM5,-3.6150282534538665,2.404076299411312e-22
NDN,-2.1201097219853304,2.70162589284678e-22
ATRNL1,-2.8421157172096194,2.703171049481675e-22
ATHL1,2.3935466399454253,2.718780956669148e-22
HLF,-2.2322720620842578,2.7531951455319383e-22
CAT,-1.01216128261982,2.943409645215628e-22
PGM5P2,-2.119974458468362,3.012295418134061e-22
NCRNA00152,1.4299586986184538,3.0367734256035194e-22
RBP5,-2.2334797202797194,3.1086963722516414e-22
PPP1R12B,-2.109388001023365,3.171915635473189e-22
MCF2L2,-1.1665115555176553,3.301173467205287e-22
F13A1,-3.683147074876348,3.3632904461928105e-22
FEN1,1.0119840695889408,3.367588955075508e-22
HSPB3,-3.1837426402865434,3.4469987410906897e-22
MYOCD,-3.2042744328841897,3.5066205247242797e-22
ZNF367,1.1124243561316725,3.5371720869630265e-22
PIF1,1.4791845386320972,3.6133581370607143e-22
HSPB6,-3.864062109841382,3.6230198262969207e-22
CCR2,-2.9440410625959395,3.63415696964468e-22
MFSD4,-2.441042162715335,3.6779086212268243e-22
ENTPD3,-3.038236261299676,3.69061383699238e-22
C1orf95,-3.750814028654273,3.853212229768201e-22
ADAMTS6,2.039339953948492,3.895363305095345e-22
COL29A1,-2.4034306242537946,4.025408357848709e-22
C8G,-2.8663741173460706,4.0699627217520336e-22
GPR172B,-2.8139035817840696,4.1214750601558873e-22
VPREB3,-2.644924211154697,4.175480334899735e-22
IL11,3.356682943885384,4.197958006202784e-22
ANXA3,1.461086602421961,4.356607140818407e-22
PRR11,1.4385554579566806,4.784063239230579e-22
BRIP1,1.2116094746716728,4.901930635194748e-22
MAN1A1,-1.6288816049803891,4.934681793199551e-22
LRAT,-2.2373715930411047,4.989785592986893e-22
GRB7,1.3083522599351871,5.04945795136078e-22
ATP6V1C2,1.8622604639263152,5.15441705295621e-22
PRRG3,-1.2793909261470242,5.266950182118774e-22
CXCL3,2.729318983455567,5.414347821475163e-22
C9orf100,1.1058813661947822,5.4203879532442e-22
WSCD2,-2.926045386320994,5.446017898266939e-22
PDRG1,1.115800400818694,5.512818872287736e-22
TPO,-2.5016424185570534,5.688912134787903e-22
CCNB1IP1,1.0915945676274958,5.722313663480633e-22
CEACAM3,-2.3155251066007154,5.797864396634076e-22
RCSD1,-2.0150196230598665,5.943751136481531e-22
CDK15,-1.1366511683438514,5.947556374514639e-22
MGAM,-2.5314660753880256,6.119220554513241e-22
BDKRB1,-1.884041540167149,6.142749466209003e-22
CNTNAP3,-2.680258587753708,6.156726739233688e-22
KCNMA1,-3.5463311018250048,6.37446025204253e-22
ZNF593,1.1044322531127442,6.499274673891556e-22
AP3M2,1.0027388367729726,6.511466252438292e-22
WDHD1,1.1324553470919358,6.674211277701487e-22
GPR18,-1.940676292000683,6.735951414343838e-22
ABCD2,-2.256243186082211,7.0250637808628325e-22
PPP1R1A,-3.551581127409174,7.217661674692445e-22
TACR2,-3.3190814429473035,7.234578013912227e-22
MKI67,1.3101115811018218,7.273982422459055e-22
PRKAR2B,-2.4946054835408478,7.498930576454049e-22
EDIL3,-2.632357291488997,7.538512111240768e-22
SH3GL2,-2.5052339757803184,7.573184562756728e-22
SFXN3,1.0819151117175476,7.671572464977135e-22
LOC100128164,-1.2475224202626638,7.687355707541066e-22
NECAB1,-2.314874432884189,7.808039079546263e-22
MS4A2,-2.880948285860481,7.873144103115003e-22
CD302,-1.20644401330377,8.285551237934021e-22
MCM4,1.1404614446529084,8.321922220053952e-22
SNHG4,1.6570133549377464,8.399360954814482e-22
EHHADH,-1.2286471345727428,8.431202993787122e-22
LGI3,-2.200783498209108,8.467854325816205e-22
IMPA1,-1.0870058673034355,8.541992382830332e-22
TYRO3,1.7612204673375462,8.735348527294741e-22
HIF3A,-2.75663748081187,8.922197269570858e-22
KIAA0895,1.4809355364148056,9.169840731482114e-22
SLIT3,-2.833103632952412,9.18917110413235e-22
CXCL1,2.7122624083233777,9.220154346551426e-22
FLT3,-2.326007598499064,9.274558864081334e-22
LMO3,-3.844646085621696,9.284142067260556e-22
SYNGR1,-2.593706975950876,9.334585474690157e-22
PECI,-1.529158536585376,9.504008675783002e-22
BLK,-3.425302132014327,1.0227095445732482e-21
NTNG1,-2.379607888453009,1.133001901466497e-21
WNT2B,-2.030713644891697,1.1840955694470657e-21
CA14,-1.8836005372676092,1.185209172812373e-21
ZNRF3,1.4857660668599646,1.2095115092512374e-21
LARGE,-1.3376146767866235,1.2514394514970677e-21
RNF43,2.051854886576825,1.2602013088714384e-21
SLC9A3,-5.034243902439027,1.2821675814455185e-21
SLC9A3R1,-1.183457444994028,1.2946019896103485e-21
SPIN4,1.119271558928876,1.306533847115271e-21
C15orf23,1.0699890926147004,1.3328323456278486e-21
CA12,-2.697062493603962,1.3328323456278486e-21
SNHG3,1.4231456251065966,1.390923327015349e-21
RPS6KL1,1.3585960856217012,1.3979807919327438e-21
SLC4A5,1.1868252942179778,1.4072984761123193e-21
REP15,-3.4153924100289963,1.4381099108737489e-21
RGS22,-1.5294714565921876,1.5189908916856e-21
ATL1,-1.4384926829268263,1.5202757878748678e-21
KIRREL3,-2.4255231877878227,1.5462439413226903e-21
SH2D1B,-2.099051628858946,1.5593631231686485e-21
TMEM108,-1.898593638069249,1.651927580132239e-21
KIF26B,3.0734973989425227,1.6734324534481246e-21
AQP11,-1.3232056541019972,1.6777025006893826e-21
GPR82,-1.912614293024048,1.6826746939702009e-21
SPTBN5,2.823874347603617,1.7377862253812285e-21
POLR1D,1.028332705099773,1.7600180564334987e-21
EDN2,-2.776263252601058,1.8729650496736337e-21
C4orf39,-1.8699766245949168,2.0368344017886663e-21
SUZ12P,1.0385427852635152,2.097449590122602e-21
PCP4L1,-2.9270231280914203,2.144354530710261e-21
CDT1,1.2183767525157716,2.242953823958953e-21
NACAD,-2.1715355023025795,2.2956330560960866e-21
KIR2DL4,-2.5574535391437827,2.352071532537516e-21
ZNF492,-2.1921260191028487,2.363423324675983e-21
SLC35A3,-1.111957419409853,2.38320545412686e-21
LOC389791,2.063758545113424,2.383383212233363e-21
DYX1C1,1.996460395701861,2.4599797931840616e-21
TCEAL7,-2.1149923247484246,2.518437357618237e-21
SETBP1,-2.2371353146853146,2.5697209856820998e-21
CACNB1,-1.33168111888111,2.6097767999339818e-21
CTSS,-1.2028052532832945,2.63221924153456e-21
OLFM1,-2.53309822616408,2.6867169883926227e-21
RND2,-2.2710864915572224,2.7064779202279798e-21
BCL2L11,-1.0444986610950018,2.760839723127973e-21
PLXNA2,-1.1678858775371062,2.848055852299676e-21
KIF15,1.156767883336184,2.8581089323860095e-21
LOC642846,1.3714156489851632,2.934182717044003e-21
PDGFD,-1.9179838393314048,2.94844770882131e-21
KCNIP1,-1.4715111205867308,3.0324832236849697e-21
FABP2,-4.245323017226673,3.054767892080456e-21
LEF1,2.061103436807094,3.085620133784995e-21
CCL8,-3.333316877025416,3.1121941766250145e-21
KRT1,-2.4627623400989256,3.316248789381273e-21
CYSLTR1,-2.2378903888794115,3.3806809408857574e-21
LRRN4CL,-2.1599036841207555,3.413910041685401e-21
SIGLECP3,-2.176775899710047,3.428411681140463e-21
TMEM132D,-1.938416578543408,3.546002221488769e-21
LYNX1,-2.534881349138661,3.5510235441357216e-21
IER5L,1.4516563022343405,3.566276219563735e-21
SLC7A1,1.0993619904485747,3.571273905263079e-21
CLEC4F,-1.758585527886747,3.594100831435332e-21
FBXO41,1.8225706634828531,3.8468562088162825e-21
CCDC158,-1.1851527545625102,3.917219408799281e-21
RAET1L,2.667290431519701,3.996090647490335e-21
TMEM63A,1.0576193245778711,4.047950282128283e-21
STAB1,-1.9951487463755784,4.240517618977721e-21
PERP,1.152491932457794,4.317406860065855e-21
KIAA1644,-2.948745940644722,4.5194083727944615e-21
RGP1,-1.0229229490022125,4.615979935641044e-21
GRAMD4,-1.0150420859628166,4.7497529713118226e-21
CES3,-2.857825336858264,4.8047116227381184e-21
B3GALT5,-3.5172925976462555,4.879175075524119e-21
IFITM3,1.348540772641995,4.9187261610174286e-21
CP,-3.924101748251752,4.9303535212616616e-21
CLCNKB,-1.5641645573938252,5.120837082663992e-21
RCBTB1,1.0171849650349625,5.216436665120214e-21
C19orf45,2.1903916254477243,5.235425014087904e-21
RNF150,-2.9960023793279897,5.316095744976335e-21
OVGP1,1.5595877963499998,5.464316415538319e-21
GOLM1,-1.356827929387686,5.6576300535128854e-21
LOC389332,-3.285378679856726,5.7512707083876776e-21
NRG4,-2.0458851270680527,5.801830694207344e-21
RASGRP4,-2.248646264710895,6.095004655624372e-21
PSD,-3.2843573000170565,6.134534116498489e-21
TPSG1,-4.010498115299336,6.2100482080774266e-21
CIDEB,-1.0421753027460303,6.277266233382566e-21
WNT7B,3.2185943629541187,6.400899992522746e-21
IL16,-1.8508076155551825,6.473551973355767e-21
FAM95B1,-2.583769111376426,6.6830563877955166e-21
EMP1,-1.844351313320836,6.8408723453095e-21
ASNS,1.2838559440559578,7.060949555578601e-21
BCL2,-1.882234692137136,7.72251858280127e-21
HSPE1,1.0361511171755031,7.770363318041771e-21
IRX5,2.853704383421456,7.886943811493036e-21
NEK5,2.2077522258229583,7.913956942727585e-21
HYAL3,1.2056195889476404,8.149952506440726e-21
GPR34,-2.191286389220534,8.20966003517875e-21
NPM3,1.305864804707488,8.273593290668955e-21
CCDC129,-2.4134212348626978,8.299186472833381e-21
PIGZ,-2.238950341122292,8.807283445632452e-21
JAG2,1.668652387856043,8.820874399651903e-21
REEP2,-2.266515785434077,9.060185607734902e-21
BICD1,1.4965325430666914,9.07612677065554e-21
RAET1K,1.7709715589288757,9.12267529147072e-21
OTUB2,1.6041615299334824,9.24813335032788e-21
CLU,-2.697529080675414,9.361966054707906e-21
PCSK7,-1.022222445846836,9.441135646727575e-21
WISP1,2.5453945420433177,9.741966640095871e-21
BDH1,-1.1010390670305288,1.0085230999429251e-20
HAND2,-3.7460298055602896,1.0306413462412888e-20
LOC150622,-1.0685900307010066,1.053490480040881e-20
ACBD7,1.7769346921371296,1.060205034008133e-20
C12orf72,-1.0291008101654429,1.0608785482394486e-20
NUP62CL,1.5080329779976118,1.1079876674707071e-20
PLCG2,-2.2555791147876505,1.116218177922968e-20
TXNIP,-1.6581277929387674,1.1261136172135178e-20
ANKRD53,-1.7407185058843595,1.1274058735947418e-20
CIT,1.108767439877191,1.1465122821959596e-20
OR2W3,-2.5252198447893552,1.1841299575357159e-20
FLJ11235,-1.6761107879924952,1.1981439331598027e-20
ARL4D,-1.8799361589629893,1.2469019464121243e-20
FXYD3,-1.8831170816987903,1.2578291309702468e-20
LILRP2,-1.464083046222072,1.266544876511457e-20
TRIM50,-1.1786240491216105,1.3283383219994911e-20
GPR37L1,-1.6575596708169869,1.371387914668064e-20
AMICA1,-2.184337097049287,1.4108020248440262e-20
HSPA2,-2.072168676445504,1.421116890004189e-20
CPAMD8,-1.688743987719599,1.4682214092388412e-20
SCN3B,-2.38243053897322,1.470427645427472e-20
FLJ36777,-1.3415907726419938,1.498094213103203e-20
CDKN3,1.2497446614361245,1.5109753556193206e-20
TBC1D16,1.1738922906361935,1.5171560619060565e-20
KIF4B,1.2675554409005634,1.5444721522054152e-20
FGFR2,-2.8590156745693323,1.545467418264097e-20
LEPRE1,1.0854664165103234,1.5970977934682555e-20
ZIK1,-1.80569351014839,1.5994197677193532e-20
KCNA1,-2.1264227784410714,1.613107172510199e-20
SLC22A17,-2.1278417107282905,1.630585799997084e-20
PNOC,-2.697418036841209,1.6408131251367192e-20
CNRIP1,-1.7626148302916589,1.692663591440232e-20
CLDN19,-1.1969803087156747,1.7216942476767418e-20
TIGD4,1.426881187105573,1.7347620366054356e-20
CASZ1,-1.0034690260958534,1.7349513643675658e-20
ECE1,-1.0236080675422308,1.7999754674857644e-20
C7orf58,-2.507041250213204,1.8150494869740775e-20
GIMAP7,-1.872995454545456,1.8297162375068968e-20
KCNG1,-3.049229114787652,1.8490086799348942e-20
CLVS2,-1.0189420347944742,1.8668392200814135e-20
CHRM4,-2.0309140201262146,1.8843293225565783e-20
SHISA3,-3.0371579225652403,1.9248839751217864e-20
FAM163A,-2.099850144976975,1.934489616670545e-20
ProSAPiP1,1.7990846750810174,1.9400087143703915e-20
DENND2A,-1.619043979191546,1.968543471666829e-20
CLECL1,-1.9550572317925985,2.005054662848848e-20
POU3F3,-1.4663551338905,2.0209695334282322e-20
TMEM130,-2.6234907214736483,2.026803554913796e-20
MYO1A,-2.3715452328159703,2.0276563443847834e-20
FMNL2,1.0419337966911133,2.030034276271898e-20
KANK2,-1.474815955995224,2.1039540730732373e-20
SSBP2,-2.1238174484052523,2.111676854960152e-20
ANKRD35,-2.149216484734776,2.1120350987412646e-20
CCDC113,1.585111291147875,2.113293695078778e-20
KIAA1274,1.867987446699643,2.1158616753799512e-20
SLC18A2,-1.7985285519358678,2.1291810589310406e-20
EPHX2,-1.78748655978168,2.152636867555609e-20
SYT5,-2.2583089971004595,2.183773469664825e-20
KCNQ5,-2.4454952072317915,2.1862496687212896e-20
DNMT3B,1.59691651884701,2.2030443530711716e-20
GSDMC,1.709756413099095,2.20991678985848e-20
KCNA5,-1.9861664335664355,2.2220728808074983e-20
CCDC18,1.2366998806071958,2.2699466750617322e-20
GRIN2B,2.2917201432713616,2.2766479706836867e-20
NAP1L6,-1.467213397578032,2.2769188448328023e-20
RAB37,-1.8846344362954168,2.3427583659490682e-20
CATSPERG,-1.6897097560975625,2.35521604426006e-20
KIF13B,-1.2366638580931308,2.4333472842390903e-20
FCRLA,-3.1883350588435944,2.4360349003708068e-20
GIMAP5,-1.9166347944738196,2.4865974079542815e-20
FCRL2,-2.9684157427937925,2.51235201788871e-20
LHX4,-1.3360664335664354,2.5262983149054112e-20
KCNK2,-2.4369375149240997,2.5537044033760875e-20
PRHOXNB,-2.155791028483712,2.5778267584143463e-20
TMEM151B,-1.6350831911990462,2.5909895316816667e-20
TMEM105,2.309326590482688,2.6370515709312782e-20
GINS4,1.3142555944055987,2.681606797886159e-20
EBPL,1.043339493433395,2.6845711538684422e-20
MIF,1.1760369691284307,2.771961473176233e-20
PPP2R3B,1.1678033259423506,2.8047338657847403e-20
MEF2C,-1.804427554153162,2.8553013017972724e-20
BDKRB2,-1.44093320825516,2.860603867267301e-20
ZNF121,1.2009728466655334,2.9371246810886497e-20
SMCHD1,-1.099335434078112,2.94564828307841e-20
EAF2,-1.1018670902268486,2.957087315817326e-20
GALK1,1.0257839928364243,3.2058949565507445e-20
NKX2-2,-2.520802669281939,3.3117227385873656e-20
KCNK10,-2.6064800699300754,3.323079872041973e-20
GIMAP8,-1.8365532918301168,3.3299562177789436e-20
ACTG2,-3.546025635340269,3.410280117395348e-20
EVPL,1.5636680197850945,3.4224505368078254e-20
EIF4EBP1,1.1990575302746151,3.4235267912320275e-20
SLC9A2,-2.7486296008869164,3.513876883027009e-20
ANGPT2,1.4286943970663524,3.5676782949653213e-20
LRP10,-1.0669584001364498,3.598714906873622e-20
GHR,-2.71297474842231,3.603322466858384e-20
SLC44A4,-1.7274504178748025,3.7290093724361854e-20
AZGP1,2.5644198533174105,3.742420931142239e-20
ESPL1,1.1658365597816769,3.7564573235347215e-20
FAM161A,1.0376878134061045,3.7970100459128703e-20
KCTD14,1.2812344959918125,3.883009798302935e-20
NBEAL2,1.0531651969981315,3.884479424628641e-20
PLEKHG4,1.6977189322872084,4.027861151397349e-20
C5orf20,-2.342715819546308,4.147826758808644e-20
DSG4,1.9837077093638071,4.1486854064580364e-20
NKPD1,2.018244422650519,4.150500047174728e-20
CILP,-4.0775091335493805,4.250596752147475e-20
ZNF385B,-2.37898847006652,4.2665089608952335e-20
APOB48R,-2.166729942009216,4.43318865596406e-20
CLEC5A,2.8322033174142964,4.496431709534615e-20
UCN3,-3.0614846409687875,4.5231105348865424e-20
RIMKLA,-1.6402694098584298,4.56935278374168e-20
OSR1,-3.030879831144463,4.6177479073386037e-20
PDE3A,-2.8920648899880605,4.697291156232833e-20
CNN1,-3.4881128944226543,4.7058288270495755e-20
KCNMB1,-2.910142904656321,4.836124296456988e-20
UGT2B15,-4.551620561146174,4.921524176691145e-20
OMD,-3.3790957359713465,5.208919788963138e-20
SMPD3,-1.578563337881631,5.462952206292887e-20
RAB30,-1.4585643271362772,5.530194077323738e-20
ASCL1,-1.5351591506054925,5.590630282485892e-20
GPR146,-1.3944803769401275,5.697407943292969e-20
TRMT6,1.0093645659218815,5.718523280536277e-20
LPCAT4,-1.0307579140371883,5.790216880353519e-20
PLAU,1.813087531980214,5.804100497668033e-20
MFAP2,2.139977511512882,5.840071949793897e-20
FAM107B,-1.5613863551083045,5.866351240202312e-20
CHRDL1,-4.363363295241343,6.098565009811101e-20
ATP6V0D2,-2.448810097219858,6.213291905368361e-20
RNFT2,1.5678881971686869,6.381045852873896e-20
DCAF12L2,-1.3606728125533007,6.470852445961217e-20
XCL2,-2.0137927340951745,6.548703165214451e-20
DNAH2,2.656914020126216,6.553348688910302e-20
CYP21A2,-1.916454741599864,6.700308035510884e-20
KLHL17,1.3758932116663836,6.759886395418191e-20
PDE4D,-1.334396878731031,6.764124350570005e-20
ZDHHC15,-1.9938149070441755,7.403179888702693e-20
TTC38,-1.1435973563022372,7.413606263916821e-20
CACNG7,-1.1022906788333615,7.646840738347006e-20
RAB6B,-1.7854382909773143,8.175528810012715e-20
LIMS2,-2.1321457274432856,8.569303393964233e-20
PFDN4,1.2524166041275857,8.574820335988112e-20
KLRB1,-2.589580402524305,8.727843839069525e-20
SLC46A3,-1.496016732048446,8.745123189438013e-20
SYT15,-1.7546114531809671,8.795007705624183e-20
VWA3B,-2.1146856984478943,8.82017378512285e-20
DLGAP2,-1.4598001620330885,8.875325288194605e-20
CCT6P1,1.0012806498379687,8.885531802905282e-20
GIMAP1,-1.8464138836773003,8.984010237455358e-20
BVES,-2.2912968105065623,9.309481167539425e-20
MB,-3.190644857581444,9.693992390891776e-20
MSRA,-1.1176528739553089,9.841773650340064e-20
SEMA3G,-2.083021482176368,9.84804530703772e-20
SLC25A29,1.0999638410370132,1.0286692940387948e-19
PCDH9,-2.325580931263857,1.0630326720020724e-19
KIAA0125,-3.3360546307351178,1.0758118299954864e-19
CLCA1,-7.055106865086135,1.0863767547978922e-19
ARHGAP42,-1.163314122462907,1.0894831802429817e-19
CCL14-CCL15,-2.1189702029677697,1.1164464878053244e-19
COMP,4.999982278696914,1.149775369200097e-19
LOC146880,1.184363875149244,1.1995411077165062e-19
ADCY3,1.0123379157427994,1.2234884672543644e-19
TNFSF15,1.4493722582295776,1.2259823089461942e-19
KIT,-2.4720224799590644,1.2401205259729996e-19
C18orf34,-1.524446801978509,1.3011847393459464e-19
NME1-NME2,1.4504089374040543,1.3057748656247062e-19
FBXL22,-1.6966009636704849,1.3234453277564566e-19
ABCA5,-1.4553323810336032,1.3618714606604877e-19
PTP4A3,1.89939563363466,1.3642940614610768e-19
SNHG6,1.1419870458809438,1.3824577766785486e-19
STAR,-1.174308203991131,1.3866753278943554e-19
SIX1,2.397854050827222,1.4162248461966085e-19
XKRX,2.0275889561657845,1.4192791006962514e-19
NPR1,-2.1453398260276275,1.4852500511080305e-19
HEPACAM2,-4.673140073341293,1.5005593030468657e-19
FLNB,-1.0206635169708314,1.5365246499412756e-19
PPEF1,1.944514770595258,1.5504368135143376e-19
PIP5K1B,-1.214724535220876,1.6842333941045066e-19
SHH,2.0109777758826546,1.6882127809479525e-19
SCML1,1.4618697339246145,1.7093045367703005e-19
ADAM33,-2.9546391437830453,1.730329676785788e-19
MST1P9,-2.677042589118199,1.7933839417656508e-19
SALL2,-2.268010566263009,1.8283169432558664e-19
LANCL3,-1.944751662971174,1.872801383704052e-19
TRPM4,-1.2953161691966564,1.8795935622347106e-19
LOC388152,1.1664591079652054,1.9070732381650485e-19
GRAMD1C,-1.6140632781852249,1.9142989526556452e-19
LILRA4,-2.1748131843765983,1.9394635659415337e-19
VWA5A,-1.7709490533856442,1.9695318053889485e-19
ARSA,-1.110426931604982,1.9975296937590405e-19
PPP1R16B,-2.1476555347091946,2.0875356181083581e-19
CAV1,-1.7995607282960917,2.195136408970144e-19
SIPA1L2,-1.4030029848200505,2.2686391448801875e-19
CHCHD10,-1.2995682926829328,2.345590623334048e-19
SRCRB4D,1.057263371993859,2.360287690974859e-19
SH3BGR,-1.542909628176699,2.5084463598742463e-19
ACOT11,-1.18478033429985,2.5223273839493274e-19
PCSK5,-2.1889907555858805,2.5807502777472774e-19
FABP4,-4.061974705782022,2.6003834681881965e-19
AKAP5,-1.8424342401500908,2.609496408790856e-19
UBE2QL1,-2.34732031383251,2.7746070369266035e-19
SERPINH1,1.0143359628176682,2.788314914702892e-19
FAM64A,1.3114674825174832,3.008071155401434e-19
CCNA2,1.140945266928192,3.22935469421706e-19
FBXO32,-1.552398865768387,3.4497510989448593e-19
CLDN11,-2.5994190516800213,3.4531821567236763e-19
MEIS3P1,-2.080451066007168,3.489195805034668e-19
CYBRD1,-2.171962920006824,3.5843353017559413e-19
ITPKA,-2.015523059866963,3.673089033149002e-19
KCNMB2,-1.7235928790721478,3.6999563496135723e-19
PTPRT,-2.1408474330547484,3.7223552488979043e-19
VSIG2,-4.933026667235204,3.775879204546965e-19
CCDC138,1.1477797032236028,3.9232016981650283e-19
MMP1,3.680565231110356,4.0958547402525654e-19
SCG2,-2.7362647705952563,4.1403206563616123e-19
SEMA4G,-1.1875029933481134,4.16223647956205e-19
NXT1,1.0907316646767908,4.224367897507336e-19
MFAP4,-2.737363380521918,4.339199110111946e-19
SLC15A2,-1.2859806413099075,4.3583275181149785e-19
PAPPA2,-2.380649027801466,4.367606348677104e-19
EPB41L4A,-1.5629756438683309,4.423065757745886e-19
CASP5,-2.6119263346409705,4.50136804507323e-19
NLGN4X,-2.2689022172948983,4.603791244025262e-19
LXN,-1.428358425720626,4.609706016994496e-19
KY,-2.012843808630393,4.63790273378699e-19
FAM55D,-5.019458238103359,4.787680835508911e-19
CYS1,-2.2190067030530525,4.829641009473962e-19
CROT,-1.4031460600375238,4.829641009473962e-19
CNR2,-2.0926497271021667,4.894709724473964e-19
CLSPN,1.48829033771107,4.944784594010738e-19
KLC3,2.357609969298992,4.947525145278699e-19
GPSM2,1.246142034794472,5.093138236097774e-19
KRT20,-3.612011964864397,5.124174613074314e-19
TPSB2,-2.8277209704929165,5.548119738808507e-19
C10orf140,-1.63167867132867,5.548885186687148e-19
AKAP6,-1.832168932287228,5.60465049241087e-19
FAM150A,2.974098200579907,5.623400280998082e-19
CDC7,1.178768676445504,5.634285264098562e-19
FER1L6,-4.346977937915745,5.671412325079377e-19
CRYAB,-2.335839723690952,5.693883483143945e-19
PRR5L,-1.285744516459154,5.757824831427095e-19
CRABP1,-3.12588596281767,5.796636885310536e-19
FRMD4B,-1.041266570015356,5.8617511997108455e-19
SOCS2,-1.4124503155381165,6.339189010750211e-19
C13orf29,1.7200980470748748,6.798157913278275e-19
PPP2R2B,-2.129400272897833,6.880971600838622e-19
SERPINA9,-2.436486474501109,7.019973026275495e-19
ANO3,-1.8259595770083568,7.372233202752863e-19
LGALS3,-1.231283080334311,7.645648478771095e-19
MRGPRE,-1.041987378475183,7.709410717381756e-19
TNNI3,3.2510169367218102,7.73045082201571e-19
FAM59A,-1.2147580334299883,7.745008581297136e-19
SLC22A3,1.949260233668765,7.794477788520047e-19
NPY1R,-3.229494303257715,7.999275231482602e-19
HDAC9,-2.2842398857240296,8.125847759143666e-19
SORCS3,-1.543196716697936,8.17661293250496e-19
C6orf155,-1.2684749957359711,8.187267512563821e-19
SLC12A2,1.3332449172778382,8.33020473591361e-19
TNNT3,-1.5581426147023705,8.363381809052738e-19
C20orf46,2.4154389646938443,8.379593667726434e-19
GSG2,1.136951415657511,8.78996385843054e-19
RBL1,1.1972725140712948,9.087428405551758e-19
MAF,-1.7577010915913365,9.329853625994694e-19
MYO1D,-1.1058154613679054,9.422144345409354e-19
KRT6B,4.557087659901073,1.0211934952260727e-18
MC1R,1.40193457274433,1.035887692567815e-18
JPH2,-2.729046597305131,1.0388838509636789e-18
RAB39B,-1.988145045198704,1.0513630132040617e-18
C9orf169,1.9655111205867308,1.0725903694860418e-18
ANKRD23,1.1662644976974228,1.075658468451061e-18
GCNT3,-3.0994294388538304,1.0767004036698198e-18
DMBX1,2.8703876769571868,1.0838641124972088e-18
SPNS2,1.6082702456080504,1.0838641124972088e-18
CD48,-2.254279319461024,1.091533970612655e-18
ZNF219,-1.049580385468193,1.1396500614665868e-18
CYTSB,-1.3720002473136643,1.1923046594634637e-18
LDLRAD3,1.773747509807272,1.1997482344020413e-18
GATA1,-1.2237709107965205,1.216477003578317e-18
LMO2,-1.4596342486781495,1.245516708462298e-18
CDKL2,-1.9854680965376064,1.3386220614505412e-18
CLIP4,-2.2918489254647776,1.4274780203486714e-18
IL5RA,-1.6055868070953436,1.4371363138548325e-18
AK5,-1.971399215418728,1.4437398703505284e-18
DES,-4.72490730001706,1.4622915261660717e-18
STXBP5L,-2.0970216271533357,1.4693154119934382e-18
CACNB2,-1.9370587497867997,1.5601310989456599e-18
PLN,-3.155554144635853,1.576146588685017e-18
STK32B,-1.873385971345724,1.584835939956344e-18
MCM8,1.1136864659730508,1.5973697854021954e-18
BGN,2.378768821422483,1.6093602781445249e-18
FCGRT,-1.3963274347603694,1.7190102638156716e-18
RGMA,-2.875553470919324,1.752447245851628e-18
KLK15,-2.6828502217294883,1.7529915192735726e-18
BTLA,-2.1006739808971515,1.781623743198178e-18
THRB,-3.03369230769231,1.8164736388899727e-18
C10orf81,2.176572727272725,1.854008741563582e-18
KCNB2,-1.40089765478424,1.8651316035369818e-18
SVIL,-1.3668917107282963,1.9041555124627897e-18
IL1R2,-2.7688626982773235,1.9107804943458157e-18
FAM111B,1.2736534197509757,1.9206893856324642e-18
NPAS4,-1.6061647961794308,1.951204089587935e-18
PC,-1.2457010745352228,1.956442924730162e-18
DLX4,1.7401752259935177,1.9778344461737202e-18
ATAD3B,1.2069151969981151,1.9791142226818082e-18
ZBTB7C,-3.0900943629541224,2.0760731804152544e-18
EXOC6B,-1.040733054750131,2.1633629149182386e-18
GPRIN2,-1.7647579566774674,2.205869117956337e-18
CD79B,-2.496833293535732,2.208925671660538e-18
GNAL,-1.925998567286367,2.2345494985455585e-18
KLK10,3.905988751492411,2.3288480188547813e-18
MAB21L2,-2.92141668940816,2.3404595969115812e-18
CYP8B1,-1.2319773665359026,2.3439475633657158e-18
CD79A,-3.397799872079136,2.3560889493685618e-18
TLR7,-2.319431724373187,2.373614618436298e-18
TRIM36,-1.774706890670303,2.376395325702264e-18
TLR10,-2.5596779634999147,2.381433165743699e-18
MYL9,-2.3736231110353074,2.393828514465613e-18
CYP2S1,1.3320566859969372,2.411332684089262e-18
IL11RA,-1.3496053982602725,2.526023117197763e-18
FECH,-1.0699788845300944,2.543669565781716e-18
AURKAPS1,1.0072498209107943,2.592751605106691e-18
DHRS1,-1.044889024390244,2.596430097534397e-18
NSUN5P2,1.6556919495139066,2.6452622254719217e-18
CDH23,-2.0716555005969632,2.6671447602267843e-18
TP53INP1,-1.19145908238103,2.7105967777959547e-18
SLC24A4,-1.4357651117175505,2.8099891532980833e-18
EDNRB,-1.703486525669458,2.8594183436958153e-18
FAM22D,-1.0194529933481125,3.0642544296223146e-18
CLEC17A,-2.200743680709534,3.1059412150960127e-18
CORO2A,-1.0688333873443645,3.1059412150960127e-18
PARM1,-1.7444629285348796,3.1220293419256666e-18
NSUN5P1,1.7291870373528884,3.1900628996753237e-18
CHRM2,-3.349591318437663,3.220231543901689e-18
VDR,-1.0190285434078206,3.2332339414807182e-18
LOC150776,1.0416445846836098,3.3000299980599963e-18
CD27,-2.4034383421456544,3.3297441293521394e-18
FAM132A,-2.5003800017056115,3.412360758087549e-18
FGF10,-1.7623785434078123,3.4794931828319094e-18
ARMCX1,-1.8814902694866105,3.524020903310171e-18
TARP,-1.9892784922394684,3.598443984165079e-18
SI,-4.99456603274774,3.603408588501916e-18
GAPT,-2.229954067883336,3.6231331566097626e-18
CDKN1A,-1.3878751066007116,3.7709783770569245e-18
GIMAP6,-1.8365274518164731,3.796296881297842e-18
SLC17A9,2.1604328841889817,3.7973592172330004e-18
DDX60,-1.634583566433557,3.8776851430569124e-18
KLHDC1,-1.3942292171243378,3.895750335724917e-18
PCSK6,-1.1742883933140131,3.902936690026161e-18
ARHGAP36,-1.465850238785605,3.9364215168187645e-18
RELT,1.018912493603958,3.9921232639760826e-18
CLCA2,-2.8443938256865104,4.0849226753162376e-18
PPARGC1A,-2.2441635340269483,4.144873699684166e-18
KCNN3,-2.1066025413610783,4.202673035199716e-18
EEF1A2,-2.9734966228893067,4.2123224442590855e-18
IL17B,-1.3081877366535917,4.443615054082944e-18
FCGBP,-4.448618753198019,4.46487481438958e-18
GPR19,1.2562060122804048,4.573642760837231e-18
DACT3,-2.2325437659901084,4.965621886821351e-18
EPHA10,-1.5483853317414278,5.155974279967089e-18
DDIT4,1.4065479106259584,5.183402168713896e-18
SPARCL1,-2.148752592529414,5.406805839454696e-18
CAMK2N1,-1.235425515947469,5.514141677441452e-18
FXYD6,-2.2012498209107934,5.565799129301042e-18
ADAMTS12,2.895440832338399,5.592759172713889e-18
NCF1C,-2.6246415913354944,5.682844463370343e-18
DNTTIP1,1.0704576070271123,5.755337000602037e-18
PPARGC1B,-1.287125081016546,5.796300903708816e-18
GPC5,-1.8014446443800112,5.809657746436562e-18
EML1,-2.087645454545454,5.8557960056172425e-18
ZNF257,-2.187417627494458,5.869343727154091e-18
SERINC2,-1.1488734436295385,6.1657572403915074e-18
AOX1,-2.73537582295753,6.180265491542046e-18
SCRG1,-2.98021494968446,6.2524459948619115e-18
AKR1C2,-2.2050072914889998,6.2525651949958935e-18
MPP3,1.6287271106941796,6.2888807269863045e-18
RASGRP2,-2.2210747740064765,6.3396288565454736e-18
SCTR,-1.3113452498720792,6.791276663808503e-18
MEI1,-2.070752797202796,6.951569861294217e-18
ALDH4A1,1.495204460173975,6.978306492150188e-18
ARHGEF19,1.2512970748763443,7.106978573377584e-18
DPYD,-2.4166487634316924,7.195940071455892e-18
GJA9,-1.5815455227699164,7.209569623495889e-18
C14orf132,-2.309720782875652,7.252169936581815e-18
MFAP5,-3.4614710387173755,7.400685607864467e-18
CAMK4,-1.8439697509807276,7.634929485859187e-18
LASS1,-1.796783327647964,7.63803110717642e-18
AURKB,1.083807300017055,7.658923398942171e-18
AHNAK,-1.4724246546136754,7.664430236835683e-18
PDZD7,1.8427976974245288,7.75752053728308e-18
C9orf43,1.3767285178236384,8.062247218882034e-18
DLEU2,1.3345248933992826,8.267444987103841e-18
LRFN5,-2.062715691625448,8.34321444824392e-18
CENPK,1.2143718915231068,8.821217519899217e-18
MESP2,-1.8185922565239616,9.113455211046718e-18
ATP8B4,-1.4603107624083211,9.348385704876265e-18
AQP4,-1.46631337199386,9.369760653715109e-18
SP5,2.805165563704583,9.388018167902967e-18
CCR9,-1.7504746972539662,9.395649229658156e-18
CNKSR2,-1.4111689408152823,9.413412915282182e-18
TNFRSF6B,2.907347646256186,9.45804034716684e-18
ADIPOQ,-4.366601833532322,9.789104681252632e-18
PALM,-2.2493921030189314,9.877110464033346e-18
RNF32,1.2380874978679843,1.0868555512697576e-17
OSBPL1A,-1.735125115128774,1.097138081963546e-17
ASCL2,2.8415953948490635,1.112156974953504e-17
LRRC36,2.654727085110012,1.1425479222338966e-17
CDH22,-1.833296409687873,1.1863477793519333e-17
C9orf116,1.4528576496674068,1.1997008570576313e-17
CX3CR1,-1.968592256523964,1.319843354243259e-17
KAL1,2.537183754050834,1.3201709203605839e-17
NRAP,-2.4989562254818347,1.3261750879927465e-17
C2orf27A,1.6513826112911492,1.355250395131332e-17
SOX15,-1.5883252601057485,1.3776361060638883e-17
RRP7B,1.0525596708169918,1.3823791929726253e-17
APBA1,-1.6139578969810635,1.394551350592685e-17
AOC3,-2.498407641139352,1.4281514665281634e-17
ARHGAP15,-1.8985261896639969,1.430032062382428e-17
LOC144571,-1.3774500170561137,1.4604153548998334e-17
ADRA1B,-1.8224324748422287,1.4643990636463118e-17
CASP10,-1.040078995394854,1.5059672315826418e-17
LOC286467,2.9268048695207227,1.5158685705430744e-17
C16orf62,-1.7632481664676831,1.516631146131447e-17
CDHR2,-3.0642246375575564,1.5181505703114015e-17
CCNJL,-1.8885935101483915,1.5953248269637144e-17
FAM13C,-2.0578550912502136,1.6078481802476726e-17
MEGF10,-1.942245514241857,1.6181230597940178e-17
CMTM7,1.2811664506225435,1.6628515424485145e-17
CPNE1,1.312022172949007,1.6766963322466026e-17
LOC652276,1.0124274774006494,1.8160421932697126e-17
MASP1,-3.720762621524819,1.866735094679296e-17
RTEL1,1.177537932798911,1.8836293487464117e-17
GPR162,-1.4598148899880616,1.8849807809241417e-17
PHYH,-1.1475826965717315,1.9092200001911744e-17
DDX27,1.0862582125191906,1.9357961709392925e-17
C1QTNF9,-1.729200204673377,1.945179756296486e-17
NBEA,-2.6726188640627635,1.9500605633021336e-17
PACSIN1,-1.8494071294559091,1.966835543562474e-17
DARC,-3.3407104127579714,1.9998672396638918e-17
KIAA1908,-1.23737166126556,2.0232359867555645e-17
KBTBD11,-1.3275235203820586,2.0663689635897518e-17
ITLN1,-5.852966297117512,2.0841323083125888e-17
KLK7,4.2422887685485255,2.1328450644070338e-17
B3GNT6,-4.827763244073001,2.147373066735148e-17
DNAH5,2.0431096281766994,2.1791765901527602e-17
SLC1A1,-2.131231434419236,2.2298575984306705e-17
GRRP1,-1.48634539484905,2.3303069769691402e-17
PIK3CG,-2.419263141736317,2.337653883491175e-17
PITX1,1.240215938939107,2.3510586852547932e-17
FLJ40330,-2.6481441241685144,2.4056636306310024e-17
PID1,-2.3322775967934533,2.484644453248528e-17
PTPRCAP,-2.0209539314344163,2.5690588922121305e-17
KIAA0495,-1.828509227358011,2.757778570946789e-17
KCNH8,2.188782619819204,2.758616185948176e-17
CCBL1,1.0411638410370108,2.788510236514793e-17
DNAJB5,-1.8535507078287576,2.8158362268649367e-17
LRRTM2,-1.4817157598499082,2.8268342283353747e-17
METRNL,-1.159172821081354,2.9523135929340675e-17
COLEC11,-1.8494516203308888,2.961177493264904e-17
CHRNA3,-2.788523204843933,3.033215311921889e-17
TSPAN11,-1.9738467678662757,3.0543638225012825e-17
GCOM1,-1.4042950196145298,3.1000833131021267e-17
TUSC5,-3.0879378901586207,3.1094952072429506e-17
TMEM155,-1.480179268292682,3.1327555948251094e-17
HBA2,-2.605846290295069,3.2109055305307706e-17
RELL2,1.820726309056796,3.2200256154107e-17
DOLPP1,-1.028167030530449,3.2749729892917e-17
DSEL,-1.886786517141397,3.318331867893377e-17
ZP3,1.4073616066859964,3.38724020289076e-17
GLOD5,-1.7634053044516396,3.4021631757564574e-17
GNAI1,-1.6283426999829436,3.477741948476894e-17
P2RY8,-1.8322931434419232,3.5449194653074016e-17
ZNF727,-1.5262600801637392,3.5527231687378044e-17
SKA1,1.208573145147538,3.5741679311286905e-17
CSMD1,-1.497363133208255,3.6782825234398345e-17
C3orf66,-1.3764992836431862,3.779164690812087e-17
ARHGAP11A,1.05886134231622,3.7976053399710763e-17
MSL3L2,1.153895121951221,3.851116260327414e-17
PRKAA2,-3.379547202797205,3.894760556261923e-17
MPP2,-1.7501364659730498,3.9293439000408946e-17
FILIP1,-2.074986329524135,4.067518023477975e-17
LRRN3,-1.902899548012964,4.075851145904427e-17
FOXA2,1.5513024646085585,4.0993344623283126e-17
NPAS3,-2.0012731792597647,4.1652967237386594e-17
LOC154822,-1.6993482432201954,4.199750680903937e-17
FAS,-1.422436807095341,4.201241425101682e-17
WNT9A,-1.956990039229063,4.488648449818784e-17
ZFR2,-1.1220174569333112,4.534170575284224e-17
GOLGA7B,2.0296273921200685,4.588540371411979e-17
DIXDC1,-1.2317126300528791,4.623814290548793e-17
TMIGD2,-1.932755082722156,4.667009236492188e-17
LRRC55,-1.9464438597987368,4.80058166011657e-17
RAB9B,-1.7131834470407634,4.832857099962456e-17
TACR1,-2.4059546563192917,4.959821215439434e-17
ZNF542,-1.7918518591164905,4.975075329827431e-17
ZNF396,-1.1210227358007847,5.616555355893845e-17
TMPRSS3,2.579308493945075,5.623601763429927e-17
SPNS3,1.5110552021149557,5.665765997076832e-17
ADAM6,-3.8421965205526174,5.818347534886636e-17
ACOT2,-1.0250051935868951,5.843592997130637e-17
TBX15,2.010965504008187,5.911414269083615e-17
CCDC74A,1.2737424697253976,6.042806968239555e-17
PTPRR,-2.423482432201949,6.123977935565676e-17
ZNF568,-1.750498285860476,6.194184264368646e-17
CST2,2.720537659901075,6.354145692565e-17
TXLNG,1.0173478168173302,6.457980320323122e-17
FOXP2,-3.0910277332423672,6.501290457909646e-17
C16orf54,-2.347816305645571,6.69346507540693e-17
GCK,-1.2695293876854852,6.694621997422881e-17
SHISA2,2.314732338393313,6.831766831569598e-17
TMEM74,-1.5388803342998465,6.95951992515933e-17
CCDC64,1.0287751918812909,7.080646435949e-17
CKMT1B,-1.3622066007163678,7.194945154763462e-17
CCDC148,1.6383363209960764,7.231713449350814e-17
TPSAB1,-2.6132846836090726,7.352084787058408e-17
B2M,-1.13381347433055,7.411608961067629e-17
NRG1,-2.3542817073170728,7.441516068711054e-17
MRGPRF,-2.28553207402354,7.594243465598375e-17
NCRNA00087,-1.5010168684973553,7.765270003695548e-17
RGL1,-1.4470669452498708,8.090913858591458e-17
BIN2,-1.3103929984649492,8.486578659437094e-17
PKIG,-1.0399152225822927,8.5248319602751e-17
FKBP1B,-2.0874193160498047,8.598123626830842e-17
TMEM45B,-1.371454843936549,8.605090424347872e-17
DNAJB4,-1.1108417363124683,8.714640992243599e-17
C14orf159,-1.133065751321853,8.762684302187172e-17
CHST5,-3.7639036926488094,8.764572919741614e-17
WBSCR26,-1.92923877707658,8.827014615404104e-17
TMTC1,-1.983314139519014,8.83586002113907e-17
PTTG3P,1.2320280743646603,9.089775165570031e-17
SNHG12,1.1782981323554615,9.16671943302108e-17
MEP1A,-3.2697221388367748,9.2585402926161e-17
CIDEC,-2.926480138154531,9.309992253080246e-17
ATP8A1,-1.521747978850419,9.439124389867716e-17
C20orf194,-2.004441019955657,9.773852101200028e-17
SERPINE1,2.276961325260101,1.0344338557218267e-16
DEFB1,-2.8523473307180627,1.034658543679786e-16
GSTM2P1,-1.087999283643186,1.0455643585698087e-16
SLC31A2,-1.224991625447723,1.0566167004709017e-16
ZC3H12C,-1.838825814429473,1.061132113060022e-16
YPEL4,-1.7307571891523104,1.100622424217088e-16
KDELC1,1.1810812553300352,1.1175012768019695e-16
RERG,-2.3262019188128926,1.1618736169334355e-16
SGCE,-1.883181596452327,1.1623423452182989e-16
WBSCR28,1.434865623400989,1.1856960216228692e-16
CALB2,-3.4779347262493614,1.208977315507891e-16
GINS2,1.1021438853829046,1.2124278313570922e-16
ODZ1,-2.1639289015862198,1.2563285047559234e-16
MFSD7,-1.7972415145829794,1.2615333437626258e-16
OLR1,2.7641846153846177,1.2757800182954338e-16
SNHG11,1.0463869861845412,1.3209905141324835e-16
TMC4,-1.025598430837464,1.3734860081413454e-16
HCN4,-1.3375447808289285,1.4179905845580426e-16
EFNA3,1.5988582636875366,1.4234698468981667e-16
SLC16A9,-2.572221610097224,1.4334220679946455e-16
IQGAP2,-1.924593919495134,1.4418460040350042e-16
CYP3A4,-2.9254564983796687,1.4663356772540187e-16
RTKN2,1.0745369776564848,1.4959859016009776e-16
RNF125,-1.6816443288418972,1.5062430852370786e-16
GLDN,-2.0503157769060207,1.509081539049161e-16
TNFAIP8L3,-1.7965848541702236,1.5402775195633858e-16
CDC20,1.0529478338734464,1.5410582840560994e-16
LRCH2,-2.0839591164932645,1.5441295625744923e-16
PTPLAD2,-1.660679029507075,1.5731577596606284e-16
NEFH,-1.8374202370799928,1.596280389682497e-16
DLG2,-2.2192412416851437,1.5966253120167108e-16
C14orf64,-2.222070876684292,1.6002221114498595e-16
DNASE1L2,1.6431894763772814,1.6067700338556002e-16
GALNTL2,-2.401298678151119,1.6116639930468974e-16
TMEM56,-1.771260583319128,1.6248994573390835e-16
TACSTD2,3.3114551083063333,1.6263009831483612e-16
TUB,-2.174698285860484,1.634450623159425e-16
ANXA9,1.5923534794473833,1.6633548608010362e-16
EPHX1,-1.154236150434933,1.6888851227296242e-16
ZNF677,-1.654118147705954,1.7083179309040882e-16
LOC158376,-1.140966339757803,1.7083179309040882e-16
DENND1B,-1.050372377622378,1.7207084733687764e-16
FOXD2,-1.5966329609415002,1.732796019874078e-16
C13orf23,1.0927115214054286,1.7506248837790955e-16
CKB,-2.779492810847696,1.7902020037049376e-16
LOC400043,-1.768490678833358,1.7904738146075018e-16
KL,-2.1430684632440733,1.8507663162905531e-16
CHRNA1,-2.030244524987209,1.8570714549495382e-16
LSP1,-1.7089976718403594,1.907432880685724e-16
C1orf21,-1.290644448234703,1.9200628184088112e-16
RTN1,-2.286891352549892,1.9262642625518867e-16
PP14571,-1.9180337540508277,1.9657685642265471e-16
ALDH6A1,-1.1152071465120257,2.0542882643774663e-16
TPM1,-1.1568297885041758,2.0576989820168614e-16
STAC2,-1.6206184120757303,2.1263787245998622e-16
GSTM2,-1.994428398430836,2.173795409335625e-16
CXCR5,-2.7300350673716505,2.1926330630204516e-16
KRT7,2.620183148558753,2.1972597651998487e-16
SLC5A10,-1.0675369350162027,2.2223922403931644e-16
SYTL2,-1.2797167235203908,2.2441289099269537e-16
LOC643008,-1.73288111035306,2.274060124802681e-16
KCNJ16,-1.923729268292684,2.2803831277457464e-16
KITLG,-1.210833412928535,2.314298277665082e-16
CORIN,2.4949452413440256,2.3174918298094997e-16
AHRR,-1.6618634487463746,2.348755093134417e-16
KCNT2,-1.729087753709706,2.364714712135835e-16
GPIHBP1,-2.213911538461537,2.373939182013712e-16
EFHA2,-1.6999142077434768,2.374584230117032e-16
RGAG4,-1.828321942691452,2.3773592475645343e-16
ZNF781,-1.4177459406447208,2.4221254076098096e-16
C13orf30,-1.4527179515606343,2.4527998352380914e-16
C19orf35,-1.340440158621865,2.473728249273965e-16
SRPX2,2.4578503667064613,2.607471640627712e-16
SCARA3,-1.9014821337199423,2.637566953842321e-16
LIPH,-1.4061422991642465,2.7845249458529583e-16
IFITM1,1.4712431946102509,2.833855392135132e-16
TNFSF9,2.526034402183184,2.8604895703124167e-16
LEPREL1,-2.213159815793963,2.880964675881516e-16
ADCY2,-2.1709333532321358,2.961354649120641e-16
MFNG,-1.2986355023025735,3.0903796018308526e-16
EBI3,-1.9064063192904657,3.0983833529146323e-16
CMAH,-2.055232261640797,3.2067332947302843e-16
C20orf160,-1.3561045966228915,3.2076093379472993e-16
NDRG1,-1.3775458468360853,3.2365625813247155e-16
COLEC12,-2.5733672352038184,3.2830751337193196e-16
ADORA2A,-1.2896265478424072,3.2834572399513585e-16
BHMT2,-2.27044785092956,3.41550874592293e-16
DPEP2,-2.0493570612314564,3.448131230556165e-16
KRTAP5-1,1.6420582551594762,3.501095583964114e-16
PHLDA2,1.2979123656830964,3.5165528865866893e-16
SLC6A16,-1.51754828586048,3.694119514678094e-16
PKP1,2.91595231963159,3.6963242411825764e-16
ISX,-3.295250255841728,3.784071264623156e-16
UTS2D,-1.3332420262664164,3.791145534459275e-16
SPEG,-3.0236813406106062,3.8052870280135964e-16
JAZF1,-1.3932223520382072,3.83411745075561e-16
PITPNM3,-1.651859551424188,3.866384971629747e-16
SERPINA4,2.932988580931261,3.914977842522166e-16
HHIP,-2.5433049718574154,3.928521854987407e-16
LEPR,-1.419346008869181,4.133883697234042e-16
FZD3,1.370852950707829,4.24809511620694e-16
SPOCD1,1.983709508783897,4.3661045841724597e-16
CLDN14,2.2452096111205875,4.4086484924358444e-16
C5orf52,-1.6646372334982087,4.4367610205752723e-16
CLIP3,-1.7825857325601229,4.605392725324608e-16
IBSP,3.0377986355108293,4.637103249556277e-16
TP73,2.134259014156574,4.856715964457931e-16
SLC22A4,-1.601661248507594,4.857109536283889e-16
FAM123C,-2.190624151458298,4.919879849191046e-16
SCN1B,-1.5904611120586782,4.944565661712837e-16
SNHG7,1.1020514924100269,5.078529886071345e-16
TBC1D9,-1.6584994712604484,5.162501765808643e-16
FABP1,-4.268526360225142,5.38900530544692e-16
UCHL1,-2.8081071038717385,5.590639866139593e-16
FITM1,-1.103487821934162,5.643719798715112e-16
HES6,1.4829624168514322,5.664610570512516e-16
TCEA3,-1.874170382056974,5.700796248449113e-16
LOC96610,-2.9378245608050424,5.713933384287719e-16
C15orf34,-1.0738903888794105,5.732933271837543e-16
RADIL,-2.0985705782022843,5.816318433772266e-16
C10orf128,-2.0219370714651186,5.890238876452058e-16
FAM189A1,-3.6140065836602417,5.996557612332277e-16
TCN1,4.565904818352376,6.004991801273011e-16
TIFAB,-1.9561265819546303,6.034189920596228e-16
ST8SIA1,-1.9468636022514063,6.134187640968585e-16
C8orf73,1.75855245608051,6.278972234246243e-16
PLS3,1.1676711069418424,6.416789226616221e-16
FERMT1,1.249718105065666,6.432139805655769e-16
PCSK1N,-3.549812920006824,6.69384014391377e-16
IKZF1,-2.0811377878219397,6.773434540110868e-16
C8orf51,1.61838046222071,6.912509723046736e-16
POLE2,1.164756720109156,6.954387635023227e-16
COL28A1,-2.340811112058675,7.044829942390054e-16
GYPE,-1.2539519358690114,7.095008725705077e-16
HK2,-1.1640895275456256,7.134569201242843e-16
IRAK2,1.494949982943881,7.340491502482431e-16
CRAT,-1.3676785007675267,7.433706318798284e-16
FAM46B,-2.084800315538124,7.492019075598722e-16
ZNF626,-1.734200170561147,7.551819917276525e-16
PLIN1,-2.8798967678662795,7.705041177773617e-16
TMEM156,-1.8897640627664976,8.069174377756439e-16
PLIN4,-3.765215086133376,8.117574428549364e-16
ITIH5,-2.068457581442948,8.264461864677718e-16
ZNF471,-2.126161197339244,8.399055706962864e-16
EXTL1,-1.5838809397919171,8.502109172945619e-16
TREH,-2.586146921371313,8.592394852356591e-16
GZMM,-2.1033452413440217,8.648992093030674e-16
NPY5R,-1.6755489339928364,8.706145670047996e-16
NAT2,-2.34351876172608,8.756642834987432e-16
RIMS3,-1.9332179430325749,8.791689270300387e-16
NGFR,-2.6780911137642853,9.00120482405647e-16
FAM92A1,1.5599411819887443,9.0450688775405e-16
PELI2,-1.5877293962135433,9.05716157098841e-16
SLAMF7,-2.5485404144635853,9.342386422553648e-16
C12orf70,1.1847931349138674,9.403071039751251e-16
ZNF415,-2.123925626812211,9.529393053049202e-16
MYH15,-1.7422283131502652,9.530423497424878e-16
ZNF251,1.0700000170561177,1.0011416819856937e-15
ST6GALNAC3,-1.624313482858609,1.0011416819856937e-15
CCL15,-1.4210813917789498,1.0090926001937605e-15
GABRB3,-3.2730597134572736,1.0290717195311124e-15
MEIS1,-2.0087275626812247,1.0290717195311124e-15
LRRC31,-1.9570223179259827,1.0379966519318077e-15
SSPN,-1.72722408323384,1.0493227400453963e-15
FIGN,-1.7865919324577857,1.0521139409375984e-15
DAND5,-1.6052009551424182,1.0681239424579101e-15
KCTD8,-1.3429448746375576,1.080897291477205e-15
RAB15,1.141414071294566,1.081344890322433e-15
SIGLEC1,-2.538617115811019,1.0853225275768772e-15
ZNF98,-1.2919946187958389,1.1504337010278877e-15
TNS1,-2.2795826454033765,1.1713616614936725e-15
CXCL11,2.977446486440387,1.2067819433752661e-15
LIPG,1.2800667576326097,1.2290832690455158e-15
TCP11L2,-1.2342927937915755,1.2648461731448758e-15
NAP1L3,-2.027107828756609,1.2724339583818253e-15
PARK2,-1.7047701006310811,1.2809529993986654e-15
KIAA0748,-2.017491506054921,1.2969373386776277e-15
BARX2,-2.9044595855364195,1.3234784954662409e-15
LGALS9,-1.02012508954461,1.3266991588099513e-15
MMP13,3.135812084257207,1.3460791799688334e-15
ESR1,-1.8688717294900237,1.390465945878262e-15
CMBL,-2.190256361930759,1.418698278194836e-15
ADRA2A,-2.4392798908408686,1.4280078748900644e-15
SLC13A2,-3.8925538461538434,1.4517463339520242e-15
FOXS1,1.5142328927170323,1.4830994404173957e-15
FAM22A,-1.2772674569333118,1.4892051576673001e-15
ABCA10,-1.8465095087838976,1.4965871825810032e-15
PVRL4,1.7922658536585423,1.5123682544410545e-15
FLI1,-1.569691275797374,1.5139133913503137e-15
CLDN16,1.693911922224118,1.5139133913503137e-15
AP3B2,-2.378680666894082,1.5245579420334026e-15
IL6ST,-1.4883600375234494,1.5666557410181872e-15
SERPINB5,3.2089643697765675,1.569689122611633e-15
RECK,-1.4856255159474712,1.569689122611633e-15
CPA3,-2.93577446699642,1.6286716485040446e-15
COX7A1,-1.6331053129797055,1.7063220378626785e-15
PER3,-1.6888127665017931,1.7101148861952061e-15
DUSP10,1.2039239638410295,1.7131229239011779e-15
BFSP2,-1.3574032406617773,1.78870165555446e-15
CD1C,-2.209675933822279,1.7914701296053765e-15
CD19,-2.9015487890158584,1.8310383419914002e-15
CLIC2,-1.620674893399289,1.89150404531424e-15
MATN2,-2.0776781596452327,1.931481771890084e-15
IRX6,-1.2631426232304284,1.948212658479102e-15
ATP8A2,-1.337901270680539,1.955876706275323e-15
C5orf4,-1.914195625106592,2.004441018136094e-15
TWIST2,-1.9503069418386476,2.024041747554206e-15
NEO1,-1.1823480811871043,2.0274945927268e-15
MAGI2,-1.2662642759679388,2.046930547798752e-15
IGF1,-2.6439581016544453,2.0882411764736915e-15
FBLN1,-2.2664336943544203,2.1079131813228178e-15
HBA1,-3.732335425550061,2.2104072848921856e-15
PLCD4,-1.0650037779293902,2.243476492978708e-15
BCL2L15,-1.5768736056626338,2.2961442988397263e-15
ROS1,-2.26427180624254,2.310893717501689e-15
CEP250,1.003141582807432,2.318714034548529e-15
LRRC46,1.208430325771788,2.322422383321339e-15
LOXL2,1.4917095855364213,2.3506867274731485e-15
FOXI2,-1.1621529251236558,2.3765506969835207e-15
HVCN1,-1.478441292853491,2.414942547143451e-15
TMPRSS13,2.687349744158284,2.438420031448791e-15
FZD1,-1.0870843680709577,2.4580294248849438e-15
RPL22L1,1.7186705440900578,2.5472203047829504e-15
APBB1,-1.7488812126897484,2.577441990752733e-15
APLP1,-2.0377029592358844,2.618158525327068e-15
TM4SF19,2.133639493433396,2.6505336349581882e-15
TTC28,-1.5981171243390715,2.729671842682954e-15
ZNF491,-1.088802242879075,2.7410703733516082e-15
C1QA,-1.887665904826877,2.8257086574086666e-15
LIX1,-1.578735587583149,2.832167818854393e-15
POPDC2,-2.1454151799420096,2.832167818854393e-15
LTK,-2.884186022514073,2.856960553999483e-15
LOC100130015,1.350930163738698,2.8822949849739917e-15
ZEB2,-1.7407835067371735,2.904291543898905e-15
P2RY2,-1.2499381118881103,2.990503819464817e-15
DUSP2,1.341200562851788,3.0592947981611293e-15
C14orf129,-1.1102784666553092,3.071718015670528e-15
LOC100240735,-1.2172943032577186,3.1092636569675904e-15
MAOB,-2.7374882483370278,3.1249858947286656e-15
RYR1,-1.9097542469725384,3.2941217556846047e-15
KLK8,3.837077562681219,3.3197302055387e-15
PGCP,-1.4136836772983132,3.321837764255532e-15
FAM46A,-1.2100714651202455,3.3275051510160016e-15
ARHGAP11B,1.1497652225823003,3.335655629179016e-15
CMKLR1,-1.9674978424014995,3.386482826844756e-15
IL20RA,1.2200440559440544,3.4047164616606402e-15
FAM156A,1.047002004093466,3.4235341866783164e-15
RTN4R,1.134336414804709,3.473450454850409e-15
DACH2,-1.214369870373529,3.477019758338382e-15
CYSLTR2,-1.8121458638922063,3.4791195882354417e-15
NOS1,-2.2121163056455755,3.5367282874691588e-15
LOC84931,1.7699987207914036,3.620652744420119e-15
RHOF,-2.076803172437323,3.683391159504097e-15
EID3,-1.046245701859116,3.696043279751484e-15
THSD1P1,1.3189358690090422,3.831650308212699e-15
DCN,-2.200645360736837,3.919354424172105e-15
ADAMTSL4,-1.7263167235203785,4.0751153551176135e-15
HRC,-1.3465110523622732,4.1374769027142914e-15
DUSP4,2.6091377878219357,4.147554699776915e-15
ELOVL4,-1.560179677639435,4.175297721062376e-15
PTPRN,-2.659033182670988,4.181705404814936e-15
RFPL1S,-1.4139018505884369,4.333231032682777e-15
GIMAP4,-1.549193356643352,4.362174022225453e-15
SHROOM4,1.6640613593723286,4.492708485757091e-15
GAS5,1.0863618881118915,4.519425791996524e-15
KNG1,-2.604052967763942,4.575265718646461e-15
RBM24,-2.1003616663823994,4.70482138818095e-15
TNNI3K,-1.6192853487975432,4.825881376600587e-15
NEURL,-2.7774345898004453,4.879751117913948e-15
GSTM4,-1.0850508783898931,5.0224843642202926e-15
HIST1H3E,-1.3689706720109136,5.102049086762989e-15
LOC134466,-1.6385060719768043,5.102049086762989e-15
CNGA1,-2.0575533003581787,5.1126328733431285e-15
CHAC1,1.3919736909432068,5.1838369961527135e-15
PDLIM3,-2.1125854937745085,5.385341430905879e-15
CDK20,-1.3623081442947331,5.399254669416863e-15
C3orf70,-1.72136058331912,5.605391405878958e-15
CCL19,-3.401502183182666,5.610930576780595e-15
SMYD1,-2.7712077008357525,5.809822321811532e-15
C1orf182,1.2628565495480126,5.964419152099566e-15
VASH2,1.4150469981238265,5.9732530217975616e-15
INHBE,1.402827588265394,6.0282974231760804e-15
CD22,-2.8170178236397776,6.030066647831381e-15
C6,-2.182268454716016,6.370434453121572e-15
PAX9,2.5144985758144247,6.5422742979410586e-15
MAP6,-1.9438750554323745,6.658281726797765e-15
FAM134B,-1.4290950963670497,6.8466094787886216e-15
GPR26,-1.0079959577008362,7.015904846894446e-15
DRD5,-2.3015182329865267,7.0459694176232304e-15
ANTXR2,-1.1204835664335704,7.066725877134629e-15
COL1A1,2.275942350332592,7.107633350629551e-15
BTK,-2.095064531809655,7.241981879548367e-15
CLEC4GP1,-1.1351929814088355,7.376525069510875e-15
PPP1R3C,-2.197412416851442,7.5553190022001e-15
ASB9,1.764362621524823,7.660150455188652e-15
GEFT,-1.9391238700324065,7.733468725483441e-15
MS4A6A,-1.8714464523281575,7.829040960831532e-15
HIPK4,-1.0673472880777777,7.896576804599429e-15
SGK2,-2.262324304963334,8.305147544601277e-15
MS4A4A,-2.1776338052191724,8.527079746125946e-15
B9D1,1.0689647108988645,8.577240644081823e-15
ANKRD43,-1.643742392972877,8.63406030252537e-15
LZTS1,1.5721498464949626,8.858246672415787e-15
P2RY13,-2.091372897833871,8.892157656282056e-15
LRRC26,-2.886899982943885,8.941172063370698e-15
GPRASP1,-1.635549283643189,9.018535901711296e-15
DKK4,3.3375073426573434,9.081531719607e-15
GAS7,-1.84346689408153,9.271361741152316e-15
?|155060,1.2054078031724336,9.493727721693746e-15
HMGCS2,-3.877007794644381,9.797861345930711e-15
MAP2K6,-1.1398851526522191,1.0094554847678035e-14
TMEM61,-2.367259943714826,1.0890908858173884e-14
SLC38A4,-3.0227142759679357,1.1215788368686526e-14
MGC29506,-3.2151760958553623,1.1302142991036374e-14
ADAMTS1,-1.7050266842913206,1.1595266980716004e-14
HES5,-1.853318267098756,1.1627247425189078e-14
SNCA,-2.13955853658537,1.1840927792007296e-14
SV2B,-2.287632133719941,1.1852418628099342e-14
PRELP,-3.022148345556883,1.2011472975435361e-14
GPR17,-1.8369450281425883,1.2101734444699278e-14
CYP4F12,-1.882678543407816,1.2226437260850822e-14
EVI2B,-1.8343275456251096,1.2354633369944252e-14
ITGB7,-1.7634429387685469,1.2512849400495835e-14
ZNF582,-1.6129599607709353,1.2537563175557372e-14
SRL,-1.704587062937064,1.2562932873591566e-14
ARID3A,1.5851204332253035,1.283884992572519e-14
MS4A1,-3.4214403803513584,1.3255657478213264e-14
PHYHD1,-2.005581033600545,1.3284481344963749e-14
ZNF37B,1.083728568991984,1.3384826854666034e-14
A2BP1,-2.3208378901586237,1.3384826854666034e-14
NDRG4,-1.5563140968787277,1.37478113493205e-14
RGS2,-1.7552009039740817,1.3825894939624231e-14
WBSCR17,-2.011016817329013,1.4036129810005418e-14
CASQ1,-1.6164214224799596,1.4133092739680638e-14
PILRB,1.3262925976462585,1.4396506443983033e-14
COL4A1,1.446466450622541,1.4435800755138592e-14
CHRNB4,-1.7345027033941676,1.4996332947044304e-14
FAM19A4,-1.2355686082210473,1.5013322118156623e-14
DUSP5P,1.764917397236909,1.5278854036773458e-14
ENPP2,-2.063912416851446,1.5428100150189582e-14
GSDMA,2.279564693842748,1.571153206881693e-14
HDC,-2.119698806071977,1.578581895798044e-14
FCRL1,-2.4150201603274777,1.6423781323816984e-14
FGF9,-2.194965759849907,1.6519656189453902e-14
CLCN5,1.0268303598840296,1.6549011192570042e-14
POU2F2,-1.7616912672693106,1.658091439668147e-14
ZNF860,1.076149889135257,1.6797679868618693e-14
LGALS9B,-2.993103385638748,1.6951918802681327e-14
EBF1,-1.5797032150776076,1.7082226363119943e-14
TEX101,-1.4258529592358866,1.723705920060402e-14
PLEKHG6,-1.0730744243561323,1.7241459259397036e-14
A2M,-1.4910165955995165,1.7381595648953733e-14
VIPR2,-2.323990422991639,1.7729058741501243e-14
JAM3,-1.3440775712092805,1.8324897048547364e-14
TNFSF12,-1.2693064642674423,1.8401148613831004e-14
COL12A1,1.8859945164591547,1.856855183979353e-14
POU2AF1,-2.867276786628005,1.9310834825727095e-14
ZNF625,-1.5115946784922407,1.9795156170003368e-14
HECW2,1.415928082892723,2.0063484176036033e-14
CCNA1,-1.113440602080846,2.0191508050598163e-14
ABHD8,-1.0789895275456258,2.0193822129825152e-14
IL10RA,-1.8062294644380052,2.0298592009549083e-14
C1QC,-1.8807776479618037,2.0350065271572082e-14
LOC283392,-1.316567260787993,2.0478162345771875e-14
ARHGEF6,-1.577798550230261,2.1118487831192636e-14
MS4A7,-1.922986986184549,2.1157739598590285e-14
C17orf73,-2.0555454374893447,2.1515307410286972e-14
FLNC,-2.444335024731368,2.1922255156192052e-14
DOCK10,-1.8247513133208209,2.2099900103005703e-14
HSD17B7P2,1.0927997441582784,2.2195674223867708e-14
MOSC2,-1.3170547160156971,2.2238599867016982e-14
MT1L,-2.120322249701517,2.2335331596334902e-14
MYEOV,2.503852396384099,2.234636806580085e-14
GP2,-3.7599695121951218,2.2713419874582976e-14
RFX6,-2.3848978424015,2.275393601198792e-14
C17orf44,-1.135231997271024,2.280075793446796e-14
KCNH1,-1.3955683523793292,2.3163657845218265e-14
SERPINA5,-1.9599006566604096,2.3781045806177092e-14
CDCA2,1.1901622974586434,2.4291420297205293e-14
FADS6,-2.7877062595940645,2.434480617742947e-14
TMEM132B,-1.7219734095173127,2.4567781028870503e-14
D4S234E,-2.1701251492410005,2.4818023728642957e-14
TAS2R38,1.6203632270168848,2.4998945508380667e-14
RGS18,-1.7948202200238814,2.5175950502395723e-14
NCF1B,-2.017631008016373,2.5779990365649484e-14
TAGAP,-1.8611201859116464,2.5805023794252627e-14
C13orf27,1.2004347944738143,2.5972807249830543e-14
YY2,1.056490158621867,2.6611834527911528e-14
NAT8B,-2.628905014497694,2.8025655599636122e-14
KISS1,1.922874637557564,2.8421816031958644e-14
LOC254559,-1.6238038802660757,2.869564956861908e-14
ITPR1,-1.482945283984308,2.8707794693462906e-14
TCL1A,-3.1008981494115635,2.9057934257474125e-14
SLCO1B3,4.220290303598839,2.9122621971086835e-14
C19orf21,-1.0522621098413794,2.9122621971086835e-14
CD180,-1.987848797543922,3.052755362601224e-14
FAM55A,-3.649426104383422,3.0964148787704346e-14
TSHR,-1.445622258229576,3.1145798149764445e-14
ANKRD20A3,-1.49737056967423,3.2478777899968654e-14
XIRP1,2.1396627238615054,3.269348405563754e-14
RNASE1,-1.45149533515265,3.3631743955387744e-14
LY6G6E,2.12618840184206,3.3855057566317274e-14
C5orf46,2.2449059952242862,3.412148969027488e-14
CD33,-1.8146217550741897,3.536684441869049e-14
MMP25,-1.5864340269486643,3.5784849901445194e-14
C16orf5,-1.7452998209107946,3.606318422483e-14
SCN4A,-1.7515640115981583,3.6325075057448276e-14
CCDC85A,-1.7485864233327637,3.7055671265661694e-14
CRTAC1,-2.4433754647791246,3.8251272753579624e-14
NLGN3,-1.2875834555688217,3.9013083637667884e-14
CDR2L,1.227072931946107,3.972041902678632e-14
PNCK,-2.9734824236738886,4.1127627935491905e-14
C6orf201,-1.1392974586389213,4.126245866566628e-14
BHLHA15,-1.5605059440559454,4.1505819788113084e-14
LRRC18,-1.1031360139860145,4.1505819788113084e-14
AVIL,-1.7549845898004426,4.1978652735851564e-14
SLC47A1,-1.782144260617431,4.208210399680577e-14
ASAM,-2.304206796861677,4.2236388450265206e-14
MGC72080,1.0689996418215912,4.2264305783827375e-14
PBX1,-1.4914899880607262,4.233924065492292e-14
MYO15B,-1.3418793621013094,4.24134729034198e-14
KLRC1,-1.779496665529591,4.312711835537722e-14
LOC100127888,2.570742785263516,4.419478210920839e-14
CR2,-3.5737594320313804,4.4246628873772545e-14
NLRP7,-2.080299906191371,4.525207920001929e-14
ALAS2,-1.4557195377792933,4.6737568660709594e-14
KRBA2,-1.1223423418045329,4.843548720030302e-14
KRT15,1.6649653760873306,4.860345265494672e-14
TXLNB,-1.7087978594576154,4.9189804224143846e-14
NCF1,-2.2011710472454373,5.0205980770439286e-14
GGT8P,-1.395649599181306,5.109734482132264e-14
HMX3,-1.677570185911649,5.2367316297029266e-14
CPNE4,-1.7385364659730511,5.404761990790604e-14
LBX2,1.1797646597305125,5.4551822178833125e-14
CYP2D7P1,1.814343288418898,5.5701359103371973e-14
FEZ1,-1.575767516629714,5.604811627288931e-14
USP51,-1.4663818267098772,5.722550599451338e-14
NRARP,-1.1262285263516958,5.744493377957214e-14
ZNF135,-1.6626344448234684,5.795556515493644e-14
MGAT5B,-1.4081785604639256,5.952538762776356e-14
ATP2B4,-1.4251505884359617,5.99667977818837e-14
FHL5,-1.6151168088009542,6.033466679279564e-14
TENC1,-1.1047834470407576,6.149142357467978e-14
LYL1,-1.2001158366024214,6.204456412069466e-14
ANKRD36,1.046248012962648,6.332792241671749e-14
MAP2,-1.8452347262493616,6.344182320600417e-14
PDE6B,-1.558324586389222,6.357325082071158e-14
SGEF,-1.463668045369266,6.406897584799735e-14
TOX,-2.142227869691286,6.625495590699534e-14
VSIG4,-2.314148882824491,6.684965596587337e-14
NEB,2.199156984478933,6.686972969222903e-14
TEK,-1.6487893740405974,6.82115449376137e-14
ACVR1C,-1.6854175422138855,6.928971075770629e-14
THEMIS,-1.8986345983284985,6.9743330199018e-14
RSAD2,-2.050024091761893,7.073091227652199e-14
FLT3LG,-1.1234208255159492,7.32590266847613e-14
TBX1,-1.6659655466484753,7.441179916240608e-14
NTN4,-1.278145403377119,7.585558516486721e-14
ADAMTS4,1.8824857155040071,7.662895229100941e-14
LRRC16B,1.8208302063789852,7.725441584320314e-14
SYNC,-2.054011709022694,7.847424844436532e-14
MSRB3,-2.0535418301210964,7.858398611682816e-14
CXorf21,-1.698667277844109,7.867159247581617e-14
CPXM1,1.8007629455910017,7.986343650024217e-14
TMEM229A,-1.8996955739382568,8.036861164625076e-14
FEZF1,3.291413679003921,8.105679862703965e-14
FRRS1,-1.4282117943032588,8.220320257896801e-14
BMF,-1.2233270765819615,8.22241737399549e-14
CDC42EP5,-1.3962970407641144,8.50250548155601e-14
C9orf24,-1.8298698021490696,8.778319544099731e-14
HIST1H2BD,-1.412145019614529,8.791144361185743e-14
MAPT,-2.325005176530789,8.895597771280265e-14
ZNF829,-1.2873304792768214,9.126199881440301e-14
A1BG,-1.1625713457274474,9.256699538774478e-14
KLHL31,1.4775592103018935,9.321177096963049e-14
C2orf48,1.6637561060890322,9.343225025672109e-14
RPLP0P2,1.2752271874466985,9.98033260340401e-14
ZNF304,-1.877119392802319,1.0014792769773611e-13
MPPED2,-1.7099831059184707,1.0032176245316345e-13
ANO7,-2.16160418727614,1.0240736504857592e-13
PNPLA7,-1.6524158707146537,1.0374659341137247e-13
F12,1.1518147620671986,1.0418720627785205e-13
AKR1C1,-1.633396298823131,1.0475651645191927e-13
ANKRD36B,1.113283370288249,1.0575174274472557e-13
NAPSB,-2.174400349650344,1.0857253970469455e-13
ENPP1,-1.5183888879413274,1.1046141897403357e-13
C13orf36,-1.219217823639775,1.1566412810277396e-13
GP9,-1.181822334982091,1.1792460157022657e-13
SLITRK5,-2.1018517908920344,1.2193765316424101e-13
P2RY10,-1.987860881801128,1.2227930743455774e-13
SH2D5,1.7294185996929898,1.2227930743455774e-13
INPP5J,-1.2315256353402662,1.2239966729802668e-13
XCL1,-1.8046542981408813,1.257070636050567e-13
CLC,-3.0717335493774507,1.2722951470099844e-13
MATK,-2.101471200750473,1.2763729607717072e-13
LOC349114,1.1296208511001191,1.2801641916511138e-13
ME2,-1.0206595428961354,1.2826958919207711e-13
SLC9A7,1.9679675848541685,1.3491806661319062e-13
C19orf26,1.7342030359884002,1.370631893273143e-13
C15orf59,-1.6880706549548017,1.412862050625782e-13
FBLN5,-1.6288081272386163,1.418578174148155e-13
KCNQ1OT1,1.4059272386150372,1.418578174148155e-13
APOBEC3B,-1.802015708681564,1.4202886762778574e-13
TMIE,-1.2831612143953603,1.442396701128716e-13
LOXL4,-1.852323238956167,1.4721475064338314e-13
SVEP1,-1.990108280743644,1.4735121527495686e-13
ZNF772,-1.8408902439024395,1.5527802004959565e-13
PDE6G,-1.494409577008356,1.553426799270499e-13
LOH3CR2A,1.2266374125874109,1.5820074130417134e-13
ZNF528,-1.9199952839843053,1.5934463303238704e-13
HSF4,1.646401193928023,1.6226442189985228e-13
LOC284578,-1.9719443970663488,1.648793220330369e-13
RAD51AP2,1.3047162203650011,1.6622339171614605e-13
RAB3C,-1.4874987804878053,1.692760545789147e-13
MST1,1.6611339928364313,1.8035008844620481e-13
C10orf108,-1.1627547586559723,1.8400986863899959e-13
SYT2,-1.4530662715333458,1.886565174361218e-13
INSM1,-2.8881132867132884,1.961214754750663e-13
PDE1B,-1.807385630223436,1.9644958612749777e-13
LOC151162,1.0116793621013134,2.0043354750567893e-13
WFIKKN2,-1.3433677042469727,2.006462131098732e-13
SLITRK4,-1.718245062254819,2.025434865786393e-13
DOK7,1.8725016629711733,2.029822543709983e-13
MRC1,-2.332194746716695,2.060503283387101e-13
HSPB2,-1.5248583574961598,2.0656939281752587e-13
RASL12,-1.435413823980893,2.150434761345083e-13
XK,-1.1544557564386846,2.2170168420661257e-13
C2orf74,-1.6197515265222613,2.223293385700168e-13
FAIM3,-1.7849371482176393,2.231854326802422e-13
SGSM1,-1.878542410028997,2.2506118314418878e-13
CACNA1A,-1.5491906191369598,2.2952238144442256e-13
SLAMF1,-1.759639911308203,2.354254198002073e-13
MSTN,-1.4831545198703726,2.3645657136593044e-13
SLC2A5,-1.884585254988914,2.394081152024009e-13
EVI2A,-1.766627187446698,2.538934462604107e-13
LOC441869,-1.7521540252430512,2.567217211034312e-13
AICDA,-1.666694823469213,2.567858890738449e-13
CRLF1,-2.048764932628348,2.57373677757333e-13
CAMK2B,-1.8998516203308888,2.589327315198553e-13
RARRES2,-1.5089677298311486,2.597394759431633e-13
LGALS12,-1.839553487975439,2.598564291295361e-13
L1CAM,-3.1171941071123985,2.6312249430944816e-13
NANOS3,2.450592640286541,2.6836447083142693e-13
GPR55,-1.9377715930411024,2.730416498216155e-13
C1QB,-1.8446545625106587,2.740271109632875e-13
GPR98,-2.0678900136448903,2.765900517381542e-13
C1orf70,-1.3276037011768698,2.8180014032584643e-13
DST,-1.0678969810677152,2.839562765122904e-13
OLFML1,-1.5241017908920351,2.8786661531537594e-13
CHRNA5,1.0610697339246125,2.93094484795996e-13
FOXF1,-1.4619866621183704,2.959644449206397e-13
MTNR1A,-1.8276273921200767,2.984121357159901e-13
ZNF418,-1.5724234436295408,2.999017362684405e-13
IL10,-1.623241582807435,3.0244618307368466e-13
TRIM58,-2.919926846324411,3.030268588561301e-13
LAX1,-2.085611691966564,3.185689432074081e-13
BMP4,1.5302870970492926,3.1873723825826263e-13
ZC3H12D,-1.2126044004775745,3.2384205736658855e-13
UBTD1,1.0242812723861512,3.38352690185859e-13
GGT6,-2.431576999829442,3.4959029325042653e-13
CYP2C18,-2.5468059099437133,3.521501289508698e-13
C14orf50,-1.6116126812212137,3.662335342493884e-13
FAM131C,1.6558757376769555,3.6807072886994933e-13
NCAN,-1.1202322872249706,3.82454360729867e-13
KCTD12,-1.7559840440047785,3.8757980324296587e-13
ELMOD1,-1.1493038632099617,4.008959425742161e-13
CSF1R,-1.827411333788163,4.1440066784834033e-13
AXIN2,1.883483361760192,4.163738223091856e-13
TM4SF1,1.1905861504349264,4.2203677180526746e-13
ECH1,-1.025005005969641,4.223899286744753e-13
CD207,-1.8912417363124687,4.22867090791467e-13
FAM55B,-2.534075157769059,4.276219705026535e-13
LOC728264,-1.9857263261129103,4.2863828159295643e-13
HAND1,-3.4121590226846306,4.360293060095086e-13
DENND5B,-1.2969306583660236,4.477913829708309e-13
SLC37A2,-2.126960429814085,4.53980069316186e-13
PPYR1,-1.8558077178918595,4.65149017859718e-13
SOX17,-1.3708301381545267,4.691289477816275e-13
MAP1LC3C,-1.118151594746717,4.846551286394972e-13
SLC2A1,1.3275443970663474,4.975847913918404e-13
SIX4,1.8820596196486443,5.090176091123125e-13
MGP,-2.157000375234528,5.11932367136554e-13
SNCB,-1.1081239212007503,5.181280455277896e-13
SFTPD,-1.234012468019784,5.277340406640951e-13
NKAPL,-1.3208335579055104,5.440345785589407e-13
FGF19,3.247226590482687,5.570629096448996e-13
FAM114A1,-1.0526792256523958,5.575926719845733e-13
PODXL2,1.248494414122476,5.746517289333472e-13
CCL21,-3.1907238018079456,5.914550599339743e-13
TNFAIP8L2,-1.3947846239126696,6.18201135377127e-13
DLEU7,1.1849545880948298,6.33541010893899e-13
FLJ35024,-1.474628313150265,6.391718705098904e-13
TCEAL6,-1.286983958724203,6.408602999374288e-13
CDO1,-2.0371563619307524,6.534950934388089e-13
TTR,-2.394465981579395,6.536035664631406e-13
FAM71E1,1.090782628347264,6.565915685450345e-13
MGC16121,1.610415563704589,6.630518293800426e-13
CITED1,1.952348200579909,6.700051003044101e-13
COL23A1,-1.437643049633293,6.88734268140701e-13
APBB1IP,-1.827355764966739,6.896843989550985e-13
KLHDC8B,-1.2115687361419116,6.907288624405907e-13
RASSF6,-1.061449241002899,6.958151988253559e-13
BAI1,-1.5822188555347076,7.019269007797517e-13
CPB1,-1.777596955483541,7.16855031143014e-13
SLC11A1,1.9289650605492028,7.221090427448258e-13
ROR1,-2.050094524987206,7.298075114807714e-13
MYCT1,-1.205133080334302,7.371102014616663e-13
KLK1,-2.1087280658365994,7.439631937339775e-13
AKAP7,-1.4334001535050351,7.510851100818188e-13
ONECUT2,2.0915860992665847,7.511419774927823e-13
TLE4,-1.225237557564384,7.63331288971141e-13
TFAP2A,2.4986961538461525,7.645025430462592e-13
FGD2,-1.4873944567627513,7.650497704756274e-13
PRX,-1.0462503070100675,7.805464088394083e-13
PHKA1,1.2898569333105954,7.870719581078685e-13
PTK7,1.6094245352208765,7.909299214265812e-13
CD96,-1.9121175677980544,7.920821419741798e-13
ARHGAP28,-1.5413474074705826,7.927008648566713e-13
ITGA7,-1.635775055432369,8.277529215509067e-13
CACNA1B,-2.142781656148727,8.560472894609586e-13
WDR27,1.0199627920859615,8.907649742231709e-13
UST,-1.9922349138666169,8.996036801369962e-13
CCL11,-2.3202537267610444,9.110676385577864e-13
CD14,-1.47484131843766,9.19257582279173e-13
TMEM132C,-2.7491815708681586,9.192770424922541e-13
PSIMCT-1,1.232418974927513,9.199542974297778e-13
GVIN1,-1.6398497100460503,9.475182580656538e-13
UGT1A4,-1.0481542469725398,9.604436958925705e-13
SLIT2,-2.7608759508783907,9.619607615874957e-13
CECR1,-1.8637012280402487,9.65069750010199e-13
RFX8,1.051675771789186,9.653449833884197e-13
DSG1,1.6322865683097372,9.793379349072916e-13
PLD4,-2.054498618454716,1.0144338318418345e-12
SPG20,-1.5937823810335985,1.0148898265729989e-12
SHD,-1.5747559184717694,1.0214197182175509e-12
FAM53A,1.2255621695377783,1.0725283165489757e-12
HPSE,-1.410162399795329,1.0778870109716348e-12
FGF18,1.593100827221558,1.0908816188792417e-12
CD69,-1.8099882739212,1.093850079794986e-12
PPAPDC1A,2.524404707487637,1.0977387429967509e-12
NUDT10,-1.7702146170902244,1.1040635445360664e-12
BST1,-1.6323715077605288,1.1076736357422373e-12
KCNJ11,1.16525098072659,1.177391540586705e-12
FAM43B,-1.6875445590994371,1.18187171183055e-12
CSF1,-1.295883429984654,1.1853999667666793e-12
AMT,-1.9706639689578689,1.1938988771023156e-12
WFDC1,-1.5124164847347776,1.1999194443042378e-12
RHBDL2,-2.2197934760361555,1.2091792943593364e-12
UCA1,2.9433315708681542,1.2534305894696721e-12
CD40LG,-1.6800340098925477,1.2615276412251932e-12
OTC,-3.0258730172266746,1.270943608153475e-12
KRT16,2.8933310250724884,1.3006493104624101e-12
DSCR6,2.3975951219512206,1.3034362584997657e-12
TRPA1,-2.5528949855022978,1.3114528151208479e-12
PCDHA3,-1.697603803513561,1.3290701575014998e-12
RETNLB,-3.418107931093296,1.3295170221110053e-12
RASSF2,-1.5349319631587903,1.3313723362354948e-12
TRPC6,-1.4485559355278887,1.3351844042291914e-12
HSPB7,-2.690910719768034,1.359527821392423e-12
SEPT1,-1.3762342486781485,1.3694294979379137e-12
ADAMTSL5,1.1870889902780144,1.379905914834051e-12
ABI3,-1.2093898345556884,1.3803563584516764e-12
HPCAL4,-1.2548993774518171,1.3975278403838648e-12
CAPN9,-3.069613320825524,1.429572628590899e-12
SULT4A1,-2.4851342913184378,1.4609597070019509e-12
PLEKHO1,-1.3184269145488692,1.4707244065875116e-12
KIAA0101,1.1018920177383649,1.4903929365133197e-12
SAMD9,-1.4805118198874323,1.507411120293641e-12
ZNF667,-1.426325217465462,1.5117491974728057e-12
PDE1A,-1.8792813661947816,1.5118813385105881e-12
SYNE1,-1.7073552362271824,1.5256544026440909e-12
PRICKLE2,-1.5430064472113223,1.5735754022913905e-12
NCR3,-1.5304460429814086,1.6225070959400512e-12
CXCL5,3.5132490619136947,1.635660720011646e-12
LOC100216001,-1.827100861333784,1.685870806809839e-12
HIST1H3H,-1.295531639092614,1.6980883270826917e-12
REM2,1.1784687276138492,1.7037945458466552e-12
SPTBN4,-1.6928193075217477,1.704305848537671e-12
WNT1,-1.014438981749957,1.716376190869729e-12
ANKRD20B,-1.2419115555176514,1.7486187176101766e-12
PPP1R14D,-1.8999910199556516,1.7603765684000285e-12
LOC100144604,-1.5770802575473295,1.7827111476651717e-12
GPR128,-2.8945844789357027,1.808149097875156e-12
LOC100128239,-1.369204571038717,1.8130559969406657e-12
C4orf12,-1.0835298908408673,1.8130559969406657e-12
SORBS1,-1.6630291659559957,1.836145338626101e-12
KRT12,-1.88304436295412,1.866682022169553e-12
GRASP,-1.0916393143441925,1.8670459339465644e-12
SERTAD4,-1.8649256950366748,1.8994547747751768e-12
TDGF3,2.2317959150605504,1.9089273137187635e-12
SLC6A20,2.818100494627325,1.9142129315495505e-12
SLC8A1,-1.293748251748255,2.0004508622462015e-12
HCST,-1.5785043834214545,2.001847198579199e-12
ARHGAP25,-1.3883203138325095,2.002537861899168e-12
PLAC4,1.9949677042469736,2.008504200655592e-12
TMEM88,-1.079702831315025,2.0640898219409547e-12
LRP1B,-1.3253608135766677,2.068205762594331e-12
PAH,3.3828082295752995,2.0995767775199136e-12
RBMS3,-1.4830421541872756,2.1132541533745448e-12
SPON1,-2.3183508272215594,2.118309780607729e-12
SLCO5A1,1.5426595940644705,2.132201104095977e-12
GABRE,1.79598037694013,2.209876575552132e-12
SRCIN1,1.5850589118198837,2.210294090255551e-12
LY6G6F,1.5459614361248508,2.216775764004216e-12
FCN3,1.411029208596282,2.2325976938728376e-12
DSG3,3.408948396725224,2.252270437072916e-12
NXPH4,2.7106912416851463,2.264645406273286e-12
SP6,1.6431827562681205,2.2836644627548578e-12
NHEDC2,1.100502942179772,2.2857637927000248e-12
LOC145837,-2.3267585706975957,2.386539090018675e-12
FCRL5,-2.7742643441923898,2.411907405415213e-12
COL27A1,1.999025507419411,2.4124739174832878e-12
LRRK2,-2.093713389049972,2.4221827236159088e-12
ADRB1,-1.9778747143100808,2.508849312543467e-12
GFOD1,-1.017388060719771,2.5458210449072097e-12
PRKG1,-1.6707414975268664,2.5467845566485247e-12
HPD,-1.052753266245949,2.582078762942519e-12
MS4A8B,-2.6306773324236765,2.611888871930848e-12
CAP2,-1.6038719171072788,2.68636571987698e-12
C16orf45,-1.3940125959406506,2.6971659339780192e-12
PRPH2,-1.3586951048951057,2.7087014579448533e-12
PIWIL1,3.364240141565751,2.812870560700906e-12
MIA2,-2.1893297714480635,2.856260842046873e-12
MAP4K1,-1.981297236909433,2.876923921334311e-12
TTLL7,-1.9354030615725728,2.8803842620416385e-12
VEPH1,-1.6618264284495985,2.9006407423036867e-12
DMD,-1.911763141736305,2.973354380573825e-12
FAM49A,-1.81087046733754,3.013960939715373e-12
CPXM2,-2.2189976121439585,3.0171677557679155e-12
CR1,-2.5062222070612297,3.038673599529951e-12
LY6G6C,1.9877387770765824,3.0764396491228666e-12
KRTAP5-4,1.0442783728466647,3.0809503277580967e-12
CD37,-1.8400897236909364,3.1052615723441e-12
ADAMTS8,-2.030918591164932,3.11561569723854e-12
TSPYL5,-1.5783075388026615,3.1343846962414307e-12
ZFP3,-1.3742769827733188,3.224092124945788e-12
TMEM25,-1.6014854340781186,3.2354077768545468e-12
CD52,-1.5776732474842268,3.244371614891692e-12
EPHB3,1.506121021661265,3.2741680969322776e-12
GSTZ1,-1.002036193075222,3.2772790167389696e-12
MPP7,-1.1149278355790564,3.308626983261933e-12
CSF2RB,-1.7982546222070592,3.369061627792629e-12
EFHD1,-1.438012971175163,3.3922669373433017e-12
CNNM1,-1.7271539058502468,3.397398774303929e-12
GCGR,-1.1275360822104723,3.415082042017482e-12
PVRL3,-1.439998823128095,3.4272437564511917e-12
SIGLEC16,-1.1419854426061748,3.487101505520976e-12
ST8SIA6,-1.7125691369606002,3.504126021315489e-12
GALNT13,-1.9866927852635183,3.504670273835238e-12
HIST1H1E,1.2199006737165272,3.575638844292357e-12
PLA2G5,-1.9622843936551264,3.576839265495031e-12
CNIH3,1.666609184717724,3.643600447410901e-12
RAPGEFL1,-1.181112587412592,3.701475321952829e-12
C9orf163,1.044120160327477,3.7354590687475184e-12
ANKRD44,-1.4643762493603951,3.7900772653897906e-12
DYNC1I1,-2.099270825515945,3.844691541727619e-12
NFASC,-1.6675010915913386,3.866034270458482e-12
PTGDS,-2.1471426402865363,3.87106974553103e-12
KRT75,2.917880914207741,3.926440708949913e-12
CKMT1A,-1.5521905935527816,3.9640684963307904e-12
TYRP1,-1.9871222667576367,4.017242362098505e-12
TF,-2.065014403888793,4.071594746262634e-12
SUSD5,-1.860512723861505,4.080451992440966e-12
GOLT1A,1.270386534197506,4.087733576687587e-12
TBX10,-2.7237255756438685,4.103421698827686e-12
FAM177B,-2.8742218318267088,4.211362367587804e-12
CYP26B1,-1.7884772130308717,4.2503796294744995e-12
MYO3A,-1.6695741002899531,4.348534354154628e-12
ALG1L,1.392493697765648,4.413662112618104e-12
GMFG,-1.2072086730342777,4.417831575277323e-12
GRIK2,-1.6456646426744,4.441436162423065e-12
MBNL3,-1.133304878048781,4.536411251162306e-12
AIF1,-1.4065853061572555,4.651692433527978e-12
CXCL2,1.908907385297628,4.665247953318511e-12
MEOX1,-1.892640218318265,4.670834648851331e-12
LY86,-1.5888899454204362,4.7053608410137495e-12
ZNF788,-1.385419171072832,4.742598489625719e-12
AKR1B15,-1.563504536926489,4.90596790093663e-12
ELFN1,1.1148576667235206,5.007082566187392e-12
ZNF467,-1.2185683353232155,5.059908409144749e-12
SLC6A10P,-1.5777152140542383,5.069728905159518e-12
RGL4,-1.2541726419921542,5.090979464084687e-12
C10orf55,1.2538189152311088,5.102163122026267e-12
NCKAP1L,-1.76229521575985,5.104379027811841e-12
LRRC33,-1.2458846153846128,5.1783092062434946e-12
EFNA5,-2.213847305133889,5.225961632571718e-12
C2orf72,-1.4295246290295047,5.325704451939257e-12
CBWD3,1.0336446187958384,5.350266782035365e-12
FAM55C,-1.0269875575643796,5.513766982629162e-12
AR,-1.833382346921371,5.574449337131882e-12
C7orf51,-1.3114289101142762,5.578670413736665e-12
BTC,-1.0197678748081185,5.596764336809701e-12
SOX12,1.0361558758314873,5.649618789931619e-12
FMO2,-2.3854920859628157,5.73016210085551e-12
TMEM211,2.3904781255330043,5.731563292203049e-12
ATOH1,-3.069396111205868,5.761921812667055e-12
MESP1,-1.88235436636534,5.861464194022602e-12
IP6K3,-1.5287626300528734,5.883381348211545e-12
SASH3,-1.5738030786286918,5.894183921901527e-12
FCRL3,-2.2036548865768384,5.897149093899422e-12
MMP10,2.6252872420262663,5.992739128792621e-12
SLC35E4,1.0991033515265205,6.2198300603233096e-12
KCNK12,-1.23324911308204,6.2939850611396905e-12
AXL,-1.4350291488998757,6.301988385907512e-12
WT1,2.852506796861672,6.361137591209284e-12
DOCK2,-1.9151165785434052,6.655819991557227e-12
GAS2,1.7105356813917791,6.6593508988410986e-12
FER1L4,2.3577543322531183,6.7629442977899894e-12
GSTA2,-1.4147219512195122,6.809493446063884e-12
KLHL6,-1.8408450878389864,6.885507501330932e-12
UGT3A2,-1.1216064983796687,6.926959217956162e-12
HRASLS5,-2.19042005799079,6.926959217956162e-12
CLRN3,-1.0880082892717071,6.953846796338139e-12
SLAMF9,1.774861990448575,7.069975865061508e-12
EDNRA,1.5595522769913035,7.237929480020988e-12
CAPN13,-2.601953991130813,7.247938517564357e-12
AKR1C4,2.398563841037011,7.269563772754612e-12
CEBPE,-1.613408783899028,7.283747566912168e-12
ZNF804A,-1.3983413696060052,7.288077551193941e-12
IKZF3,-1.7924178406958906,7.399863680463799e-12
PNMA1,-1.0658693075217478,7.436923364650939e-12
SEMA3B,-1.336176334640971,7.437361263720102e-12
C2,1.3055445676275,7.467434035095963e-12
MCOLN2,-2.0620941923929745,7.549189361440237e-12
C2orf61,1.05377781852294,7.676430708356533e-12
NCRNA00181,-1.1518644976974262,7.696537116389703e-12
IGFL4,1.676424884871226,8.215162921136501e-12
TLR1,-1.5826641139348476,8.224629621162012e-12
CFH,-1.6329076581954671,8.686649442955854e-12
LRRN4,1.617548098243221,8.787876990280218e-12
MYBPC2,-1.5053708511001196,8.869935550259091e-12
LOC728392,-1.3156392461197317,9.078943580274996e-12
GZMA,-1.9208440047757056,9.095753212020536e-12
PODNL1,1.3957143868326778,9.108364241666175e-12
RDH16,1.536806600716356,9.111311558951576e-12
MYADML2,2.397782483370291,9.114821983572307e-12
GJB3,1.5847190005116856,9.20892230133822e-12
LRRTM4,-1.3752282960941504,9.308775387886894e-12
SSTR1,-1.888150179089199,9.553323655530235e-12
KIAA1614,-1.161919162544777,1.0056501684028692e-11
FRMD1,-2.706703513559611,1.0193246856939869e-11
TNFRSF11A,-1.4640243305475025,1.027760401532366e-11
DCLK2,-1.4831818693501635,1.0296292515746472e-11
AKR1C3,-1.5425921712433937,1.0804898049621115e-11
UBD,2.2624217465461243,1.09058683940991e-11
GCET2,-1.1667427852635228,1.1340362363017088e-11
ACSL6,3.165284385127068,1.177636969461276e-11
HCLS1,-1.444202149070442,1.1947387102398928e-11
LGR5,2.2377160668599734,1.206021022005886e-11
FLRT1,-1.406707129455912,1.213774216474412e-11
KLF2,-1.2200150861333832,1.2384504934789403e-11
TIAM1,-1.7510791062595912,1.2431095953216373e-11
KIF21B,1.1111013559611127,1.2582920277613296e-11
C10orf99,-3.3638560549206837,1.2630737798628578e-11
COL21A1,-1.7572914293024051,1.267351958178736e-11
RAB42,-1.3861094831997272,1.2703155175262851e-11
ST8SIA4,-1.2902115725737664,1.2745774368392391e-11
C14orf49,-1.3265455568821398,1.275649886322418e-11
CPA4,1.5684172010915922,1.2764162977765864e-11
ESPN,-1.5687410540678783,1.289777654427194e-11
CCDC80,-2.115431016544436,1.3244351379899731e-11
ADH6,-2.296787395531296,1.3247316406281142e-11
TAL1,-1.261723690943203,1.324837908222068e-11
SMARCD3,-1.0939787566092507,1.3366367988186003e-11
CDK5R2,-1.866266535903121,1.3369570394959916e-11
PDZD3,-1.9833879669111392,1.3557811457899796e-11
KLF8,-1.3629022514071298,1.366674887048214e-11
HIST1H2AC,-1.207751722667581,1.3912817557752275e-11
REEP6,1.3698769316049786,1.3918481453339308e-11
IL1A,2.091763525498893,1.4192305885836784e-11
SOX5,-1.480652106430156,1.4232594512985832e-11
PABPC5,-1.3405688299505356,1.4353284246223384e-11
SHISA9,-2.9487198192051824,1.4390337420010928e-11
PREX2,-1.726366177724714,1.4427668910947389e-11
CBX6,-1.6270634658024852,1.4459176625596035e-11
MFSD6L,-1.711608570697595,1.4632840941931815e-11
LOC151174,-1.166652268463244,1.464527656415794e-11
NCRNA00093,-1.490265128773664,1.4841164212660323e-11
HCG4,-1.551925967934504,1.4962735597826194e-11
SAMD13,-1.3279066518847058,1.5001505329518244e-11
LOC284749,-1.545264898516118,1.5140071541369378e-11
C1QTNF4,-1.135504716015691,1.5332480555276904e-11
DERL3,-1.734498908408665,1.583111319100995e-11
C6orf15,2.9855118966399434,1.6403965806024455e-11
GPR4,1.0101241770424725,1.6705703581875146e-11
ZSCAN18,-1.8278599863551015,1.6954902056304588e-11
LRRTM1,-2.339535212348626,1.7029890259042688e-11
SULT1C2,2.290159056796859,1.7285968461728478e-11
COL22A1,1.9290716015691616,1.7644080541062128e-11
ZFP82,-1.5868184547160191,1.8514875957103835e-11
LDOC1,-1.372226522258229,1.8570476712481423e-11
TINAG,-2.3506287139689688,1.8791117575081604e-11
LOC100130776,1.0277271533344683,1.88545083156774e-11
CD244,-1.6725973733583497,1.918823983023222e-11
AMELX,1.5202304025243054,1.923336886569764e-11
SYPL2,-1.529773068395023,1.9319851617418258e-11
MATN3,2.0854135851952966,1.972350689703229e-11
OLFML2A,-1.1843959150605468,1.9763575632320216e-11
DTNB,1.0692914463585197,1.982641847894949e-11
STOM,-1.1460269827733305,1.9898427493722217e-11
CCRL1,-1.8236605918471775,2.028012487375503e-11
GPR174,-1.6056981494115634,2.0358653233885705e-11
KCNA6,-1.9784772300869808,2.0548470940204214e-11
RUNX1T1,-1.7856131246801952,2.0725709908067587e-11
C4orf7,-3.1258638836773,2.1228040773511907e-11
CXCR2P1,-2.0155094746716684,2.1550387653181623e-11
ARHGAP33,1.0640470492921734,2.2088387022444823e-11
ST6GALNAC1,-2.13875973051338,2.208887433692314e-11
PDZRN3,-1.5263906617772474,2.243915016442788e-11
TAGLN,-1.9439447978850328,2.2632842844601928e-11
DUSP1,-1.364874313491386,2.313692232617081e-11
FBXL7,-1.3708572744328844,2.4067865648950303e-11
TRAT1,-1.7102651714139512,2.497744711665128e-11
TMEM200B,-1.698494925805905,2.565466658448284e-11
HSP90AB2P,1.1466308459832852,2.5731910295902376e-11
LOC554202,2.18887851782364,2.5940321709162697e-11
CIDEA,-1.826201279208596,2.6330111440022065e-11
DMRTC1B,-1.5133819887429645,2.6784694709079987e-11
GNG11,-1.106884385127075,2.7464756861876077e-11
HIST1H4H,-1.3293975098072668,2.749208441270177e-11
EFEMP1,-1.974168915231111,2.7513214016404576e-11
LOC728554,1.1277313150264394,2.8126639295692828e-11
TH,2.0386852976291987,2.8224405083588178e-11
TSLP,-1.3746724117346076,2.8369034317164637e-11
UNC93A,2.845313653419752,2.9043386739084815e-11
NOTCH3,1.3136189237591651,2.950167974646954e-11
GRAP2,-1.5327490704417557,2.9536790282253216e-11
VLDLR,-1.7758935357325578,3.201510436266598e-11
GPC2,1.316820467337537,3.2529729018110785e-11
DDR2,-2.128787856046394,3.2549004930526956e-11
GRM2,1.058519111376429,3.2618863743531064e-11
LOC440925,1.8359017056114628,3.2888663817634366e-11
ACOT4,-1.1267945846836105,3.350489336503809e-11
HGD,-1.761842034794471,3.4087002792148515e-11
FAM3D,-1.745646938427431,3.4154098570794987e-11
MGC16703,-1.084483881971687,3.5341565588091155e-11
AKR7A3,-1.2294992324748415,3.8858234174052266e-11
SLC9A5,1.070945804195802,4.003380489968112e-11
PLCL1,-1.1646998550230254,4.0936746475537945e-11
CYP27A1,-1.3723789271703826,4.207035273095063e-11
SFMBT2,-1.6660201262152468,4.214106608014298e-11
CD247,-1.5017876428449617,4.282511498763699e-11
GPR133,-1.9698231707317035,4.295634717414623e-11
DTNA,-2.252068744669967,4.296539376530765e-11
KCP,1.3974844618795856,4.3195356180027664e-11
FAM129C,-1.9660982688043676,4.324033868404581e-11
PENK,-2.425305074194097,4.434123198523224e-11
LRRC4C,-1.855834461879585,4.435602599929929e-11
CACNA2D1,-2.2022867218147715,4.452040686579472e-11
PPAPDC3,-1.3547318352379314,4.491107826286958e-11
STAT4,-1.4453731025072454,4.5493320176944105e-11
FAM198A,-1.9192095599522416,4.560102204865591e-11
LOC153328,-1.69188165614873,4.613255098055202e-11
TTC9,1.4262559440559457,4.690381480715589e-11
C3orf18,-1.0295457786116318,4.749967510204927e-11
PMEPA1,1.472970288248337,4.7521366038086873e-11
TGFB1I1,-1.1739874893399307,4.778986229842584e-11
CYTH4,-1.4953314685314707,4.7810632218177136e-11
FGF2,-1.6477324918983438,4.8627764229760284e-11
KIAA1024,1.12168244925806,4.8923225282672926e-11
AMOTL1,-1.701174415828075,5.0289518238277985e-11
CYGB,-1.0434430325771746,5.252350018837727e-11
C1orf190,-1.2690651458297837,5.294899405634588e-11
TDGF1,2.404933148558759,5.3326556490970494e-11
IER3,1.1395123315708648,5.362397189357887e-11
CERK,-1.0176502814258903,5.3810779321834143e-11
ZNF831,-1.744922556711579,5.4223566610643325e-11
EMP3,-1.1877661691966548,5.4255558771373486e-11
PAK3,-1.019167985672864,5.631961752228819e-11
LCN12,1.6108500426402863,5.7719663419318966e-11
PPM1N,1.3764717721303126,5.811059557109316e-11
ZNF549,-1.6878579822616393,5.825313074866649e-11
FLJ43663,1.101332406617768,5.828255362849188e-11
TM7SF4,1.759397228381374,5.830145428752786e-11
KIFC2,1.2101100801637452,5.864054751189399e-11
FCGR2B,-2.0899860480982424,6.143687189552779e-11
ZMYND12,-1.3125680197850915,6.286622816876284e-11
RPS6KA6,-2.513506958894763,6.49895626490154e-11
ABCA1,-1.185781749957366,6.521465647382821e-11
KIF17,-1.2409740235374378,6.532466769975937e-11
PIK3R5,-1.5759249275115144,6.653380429318364e-11
GCSH,1.239753743817157,6.703016643079372e-11
SLC6A8,-1.610338521234862,6.735838905310038e-11
CARD16,-1.0877420433225318,6.753811227018941e-11
WAS,-1.407948371141056,6.763620224071595e-11
PROX1,1.627687455227699,6.825747340805087e-11
PCDH8,-1.4675455483540851,6.848399030043241e-11
ABCB1,-2.3587999829438857,6.854103239764028e-11
PCDH20,-2.8917757206208448,7.123394809583734e-11
SLC6A2,-1.1944206037864578,7.207327618416271e-11
RAET1G,1.2446767439877178,7.334840763476402e-11
DOK2,-1.4588455057138017,7.42730387106859e-11
FCN1,-2.334814582978,7.428127393909098e-11
ZCCHC12,-1.2946440218318278,7.522783071754029e-11
KLRK1,-1.7130104553982592,7.743801210512765e-11
S1PR1,-1.2326246205014462,7.870624142295777e-11
TSC22D3,-1.1260492239467847,7.9384548348868e-11
PCDHGC4,-1.15709407300017,7.967845752954819e-11
DIO2,1.5999464096878766,8.1396743557146e-11
HIST3H2A,1.238901850588432,8.272371865632466e-11
MAGEH1,-1.2170473136619488,8.337926897230703e-11
SLC43A1,1.036439774859284,8.349554810408309e-11
FAM124A,-1.495915572232644,8.483385674598032e-11
KRT6A,3.3060183182670952,8.784313587481772e-11
FLNA,-1.5086981323554411,8.905440791021141e-11
ANGPT1,-1.433760950025582,9.112969655136642e-11
RHOH,-1.5283654869520698,9.371915092249286e-11
PAK6,1.025872445846835,9.492467405342604e-11
THY1,1.3221526692819392,9.539844002957696e-11
LY6E,1.4174656916254484,9.664652219149751e-11
MMP14,1.0793080590141528,1.0132856937413787e-10
P4HA3,1.8617992324748425,1.0206450607637511e-10
CYTL1,-1.6263697509807282,1.0469276958188835e-10
DUSP9,1.8957318437659905,1.0555252199921348e-10
MAN1C1,-1.4264208766842907,1.0624510487259341e-10
TMEM63C,-2.312854076411389,1.0704197548498952e-10
MYOM3,2.1394307351185398,1.0823001996454759e-10
PNLIPRP2,-2.784682645403379,1.1077879371786599e-10
ASGR1,1.7158562595940672,1.1149218570966851e-10
FAM65B,-1.6441930240491285,1.1149218570966851e-10
CYP2C8,-1.198371584513048,1.1199390223822028e-10
NEDD9,-1.0402640115981576,1.1224984159335845e-10
PEG10,-2.456925891181992,1.1259487343264786e-10
SPP1,2.8591028057308554,1.1344426308393631e-10
KRT6C,2.3143030359884023,1.1669453157710915e-10
HSN2,1.0641171499232458,1.174917589976637e-10
SPTLC3,-1.6797431263858034,1.1915715777968758e-10
B4GALNT3,-1.0552834214565934,1.1932091674952156e-10
ZNF454,-1.1347769657172084,1.206986539157793e-10
KCNK5,-1.0040255415316288,1.2313655639368674e-10
NOL4,-1.7249373102507253,1.2408182160234138e-10
OASL,-1.5067613082039903,1.2660208576183065e-10
MARCH3,-1.054767738359196,1.2946222926578414e-10
MYO5A,-1.3187885382909768,1.3042916492190131e-10
ZIC1,-1.3997706208425726,1.3138320526525635e-10
SYT7,1.5081761640798206,1.3303097314968902e-10
C1orf180,1.7629863977485931,1.336134340635534e-10
RSPO3,-2.113254596622892,1.34545526936731e-10
PDGFRA,-1.4884394678492114,1.371016000701908e-10
TUSC3,-1.4562346068565608,1.3889792747559735e-10
TREM1,2.224953786457448,1.3981139676886095e-10
FKBP10,1.443283864915582,1.399851472572079e-10
LOC100233209,-1.5058927682074037,1.4069596870760112e-10
LOC150197,1.4723003411222917,1.415568431822207e-10
GBX2,1.429276274944567,1.4164638198058438e-10
CD4,-1.4393076837796244,1.4169687395616527e-10
TNFRSF13C,-1.4831720365000862,1.4599043717075496e-10
S100A3,1.451769179600888,1.4890224098204756e-10
RP1,1.7635307180624251,1.5085916316009902e-10
KIF19,-2.421098499061913,1.5130034610856988e-10
SLC35D3,2.6655704076411384,1.5283897682132098e-10
NMUR1,-1.2491849991471955,1.5615824888584256e-10
MAP1B,-1.487464710898852,1.5662648195875567e-10
PIGR,-3.74247245437488,1.5977440149530103e-10
SLC1A2,-1.2832032406617755,1.5981545700230228e-10
DGKA,-1.079556907726431,1.6125917693776423e-10
AGT,1.587142972880775,1.6358165054390108e-10
ZNF483,-1.0436005884359554,1.6986841246776778e-10
WNT5B,-1.373772420262659,1.7008238938727803e-10
TSPAN5,1.1147414037182235,1.7061475839581359e-10
C17orf87,-1.635001910284838,1.7179794544508778e-10
LOC255167,-1.557071243390757,1.762381281405676e-10
SLC8A2,-2.116960387173804,1.7674809933224423e-10
RIMKLB,-1.417265614872938,1.7957228532527976e-10
FBLN2,-2.078142896128263,1.8193930096812327e-10
SPON2,1.236055594405595,1.8254338042239467e-10
ADAM28,-1.8222990533856336,1.846780677229873e-10
ZNF134,-1.6073516885553485,1.8973390521395406e-10
HSD17B6,-1.3631853317414269,1.909387350571984e-10
KLK3,-2.1169603018932284,1.9328260899134358e-10
TP53TG1,-1.0490087071465188,2.0006446059164703e-10
APOB,-2.234186210131333,2.0232170554693583e-10
ALDH3B2,2.088794908749784,2.0433317332694228e-10
XCR1,-1.378353351526522,2.0773856354280078e-10
COL4A5,-2.120177298311438,2.1069403981903724e-10
PRDM6,-1.6424052276991326,2.1376459799682458e-10
EMCN,-1.2110990278014642,2.19310120252402e-10
MRVI1,-1.4700657172096196,2.2112182021187208e-10
CD7,-1.6745705611461696,2.2191441515922731e-10
C6orf174,-1.6902242026266414,2.231541380913984e-10
SNORA39,1.156779345045197,2.2569981732199318e-10
RP1L1,1.3292577008357485,2.2729480941412e-10
KIAA1875,1.5815095514241837,2.2734236354499807e-10
NECAB2,-1.152060924441413,2.303575360180861e-10
PI15,-2.067326957189154,2.377097969830503e-10
GPLD1,-1.0824175677980543,2.3942553548773204e-10
GNGT2,-1.1322266331229764,2.400692468845801e-10
C15orf51,-1.0148573426573433,2.4087958110030344e-10
ISG20,-1.1393854340781164,2.4397052414021384e-10
ARHGAP9,-1.4509945676274905,2.453977367051392e-10
ZNF347,-1.4704893910967076,2.463780695338089e-10
GPR183,-1.4621943544260665,2.4967040010500407e-10
GJA3,1.7118327392120063,2.543360201514326e-10
CHRNA7,-2.2228308289271714,2.5528168612517675e-10
SOX18,-1.0215796094149736,2.5758589961631137e-10
C20orf134,1.011274100289956,2.58197458105541e-10
GLYATL1,2.1843455739382565,2.6011124593704303e-10
ARMC2,1.0598037097049238,2.618212676258605e-10
EPYC,2.677973324236739,2.6439915638462124e-10
C9orf68,1.2812853146853138,2.6559375773850853e-10
DPF1,1.482209252942181,2.6559375773850853e-10
ZNF280A,1.5341542299164257,2.705498694088694e-10
SLC22A11,2.6514204246972555,2.725783608301676e-10
USP44,-1.1820872761384953,2.7490531455471384e-10
NNAT,-1.7945031724373202,2.8211483052045726e-10
ZNF439,-1.4557357325601252,2.8650094709345947e-10
HOXD3,-1.2642456080504854,2.8676305893714305e-10
HCK,-1.474098200579908,2.8917435392252726e-10
CTSF,-1.381079669111374,2.9037896821241663e-10
CYYR1,-1.0556793279890853,2.9071281560010506e-10
KIFC3,1.1528908493945096,2.9175778658780874e-10
INSC,-1.738615742793793,2.9983780576475005e-10
ACHE,-1.7588849820910832,3.0364303967860843e-10
LPO,1.9605842401500932,3.1184805804585105e-10
VWA5B2,-1.8550529848200568,3.1256627519934307e-10
RNF39,1.2956293450451994,3.1299087434622766e-10
LILRA1,-1.3515490278014684,3.14428117684538e-10
TTYH1,-1.4833897833873435,3.321891647125637e-10
COL5A2,1.5283629455909953,3.326056776632609e-10
SPN,-1.3938061743134869,3.4676811353033105e-10
DZIP1,-1.385426624594916,3.469567945505553e-10
RNF180,-1.387404553982604,3.4976000148780276e-10
STX11,-1.3947299931775454,3.5293049634011456e-10
FSIP1,-1.2713417960088695,3.5367682217597203e-10
NPFFR1,1.1729247143100792,3.6100718879589507e-10
CD3E,-1.524242614702369,3.665158812721552e-10
SLC15A1,-3.0173427596793507,3.6973195450668737e-10
CTSW,-2.110031511171756,3.7240742426100844e-10
ITGB3,-1.411742375916769,3.767347171968913e-10
EMR1,-1.6352718829950552,3.8035596639748844e-10
CACNA1H,-1.537696580249019,3.815060590459264e-10
AQP1,-1.3423060719768003,3.8354374486592486e-10
C12orf24,1.0189346836090785,3.849561851791968e-10
C1orf104,1.0705627494456778,3.879593194652e-10
FAM5B,-1.3014198192051856,3.975119319554212e-10
TTYH2,-1.189557965205524,3.984159251401454e-10
PTGIS,-2.350952797202797,4.011863615892831e-10
COL5A3,1.4622935186764483,4.0128059066898276e-10
SLA2,-1.3705212348626985,4.0168910534695815e-10
RET,-2.074141241685149,4.018696046662178e-10
ADD2,-1.6635978850417883,4.0360265758983366e-10
APCDD1L,-1.86869163397578,4.0733713933733237e-10
TUBB3,1.2016860310421276,4.1029249856487525e-10
HAPLN3,1.4113895104895144,4.2028319820410616e-10
GAMT,-1.336365256694524,4.2679168646724066e-10
TMEM158,1.1900230939791925,4.284682740999287e-10
CACNA2D3,-1.2817543322531133,4.3251593076944856e-10
SPATA17,1.3240646170902268,4.358304174664906e-10
ZFPM2,-1.6274140286542709,4.3684338531377287e-10
MDGA1,-1.6149718574108831,4.3921164933039206e-10
SLC28A2,-3.263378637216444,4.4336143467767635e-10
CPVL,-1.5540387770765864,4.4485195448547504e-10
SYT6,-1.085687608732731,4.4713647677099957e-10
POMC,-1.2735377281255325,4.630813554073477e-10
FBLL1,-1.3924790124509625,4.681046180906468e-10
SALL1,-1.5746732645403425,4.801029600549144e-10
PRRT2,-1.1602662800613972,4.85311397938942e-10
ZNF154,-1.145266510318952,4.853486231326133e-10
TPM2,-1.5135460344533556,4.859348443598746e-10
ATP8B2,-1.3865777076581969,4.92288396098576e-10
FAM110B,-1.4720385382909775,4.981819449800844e-10
IL18,-1.0009019358690026,5.057282687749908e-10
CBFA2T3,-2.087897876513729,5.077365225710814e-10
SP8,1.9928701603274768,5.117793098278001e-10
HOXB8,2.1818938683267968,5.145103764078756e-10
FRMD5,1.6199679174484078,5.281941430934828e-10
KLK13,-1.8190095343680708,5.358640754876278e-10
ELMO1,-1.2564476036158956,5.412380079580356e-10
RORB,-1.028609577008358,5.458890897679032e-10
CDA,-1.6559024134402165,5.534859396038427e-10
PIK3CD,-1.37556940985844,5.567484949113927e-10
C9orf125,-1.3980486781511114,5.771795378712826e-10
CPA2,-1.9936264369776575,5.956259236518982e-10
LAMC3,-1.6962268377963463,6.104055504733228e-10
CD3G,-1.6781361674910444,6.264984601101676e-10
ID3,-1.024290857922571,6.457056466593853e-10
CAPN12,1.1455716271533287,6.461882332125992e-10
PBK,1.0299681818181874,6.506697131389641e-10
LY6G6D,3.984518838478593,6.690305298511134e-10
PCDHGB5,-2.056525558587757,6.959885646485663e-10
ADAMTS14,1.0882403291830045,7.318197638140644e-10
TERC,1.060448439365513,7.361787378541105e-10
STK32A,-1.137679370629371,7.490452760547088e-10
PCDH7,-1.6227716953777946,7.515710834091291e-10
GJC3,1.293072198533173,7.528773909150034e-10
ABO,-1.3510050486099203,7.662833409683338e-10
OLFML3,-1.3790699641821682,7.67889152872713e-10
HOXD4,-1.4252573085451128,7.721468928281011e-10
CD38,-1.9814641906873645,7.739763093043964e-10
TMOD2,-1.218492094490876,7.998184383308578e-10
NUP210,1.1956352635169765,8.021319833567878e-10
C8ORFK29,1.4990986696230586,8.038142757747941e-10
PRR5-ARHGAP8,1.025149479788502,8.236027686935875e-10
PALM2,1.2127898942520847,8.587701688230546e-10
FES,-1.087823929728807,8.67058407942752e-10
GRID1,-1.2651621524816623,8.825193428123348e-10
CHI3L2,-2.075678858945932,8.857942603293777e-10
ZSCAN23,-1.4683764796179428,8.862766318603862e-10
ITGA4,-1.267294414122464,8.869007943536705e-10
ITGAL,-1.6308373528910165,9.068451689469757e-10
UCN,1.0470581357666722,9.118022072156091e-10
KCNJ12,-2.1674179089203447,9.196134164207259e-10
TRAF3IP3,-1.3430447723008685,9.341079416184586e-10
PSORS1C2,1.559382193416339,9.549298051897246e-10
CCR8,1.4196882312809125,9.576517850508887e-10
CTSL2,1.4141780317243722,9.634094957110875e-10
ZNF793,-1.730500179089204,9.860152595673922e-10
RAI2,-1.522566518847002,9.883407173372051e-10
HECTD2,-1.0333000000000032,9.92509742807227e-10
VAV1,-1.4563846750810183,9.955868802279931e-10
MUC4,-2.7971945932116675,1.0099453564343979e-09
CCDC141,-1.2426865938939111,1.0142982363093198e-09
TMEM47,-1.3630755926999862,1.0234948274840931e-09
TMPRSS5,1.9646461367900367,1.044567062923877e-09
COL5A1,1.4476083489680978,1.056966454069109e-09
ARHGAP30,-1.3776996674057598,1.0676269551302838e-09
SPDYC,1.6801622974586383,1.0902279623182563e-09
RGS6,-1.6504030018761728,1.0908050311162518e-09
ZNF662,-1.848837728125531,1.119657637176619e-09
ADAP2,-1.009463747228386,1.1291897331148135e-09
KCNIP3,-1.3463030104042302,1.1426067097302867e-09
GLI3,-1.7721034368070931,1.1546774935875712e-09
KBTBD12,-2.675179038035135,1.1824290839732891e-09
C17orf97,-1.0913953777929404,1.2010715136081655e-09
SLC39A5,-2.159495531297969,1.2077986937259396e-09
AMPH,-1.4625909005628557,1.211790576118926e-09
FAM78A,-1.1685656404571043,1.2407261080629235e-09
PTGER2,-1.6268383677298273,1.244647888718703e-09
ABCC6P2,-1.189575081016546,1.2453885085337539e-09
FAM184B,-1.9448686252771623,1.268138385735279e-09
STARD8,-1.14668691796009,1.2726352064624323e-09
FERMT3,-1.243483148558754,1.2734687763695515e-09
FGF13,-1.645856430155212,1.316613088632623e-09
PTPRS,-1.5552939109670838,1.342669828460612e-09
C4orf31,-1.7742887600204629,1.3839653524127927e-09
LAIR2,1.6182384785945778,1.4114155304661595e-09
WDR86,-1.2126898260276322,1.4189695103541206e-09
DHDPSL,1.76522120075047,1.4451417779754751e-09
ZNF844,-1.3250634316902614,1.452566487614411e-09
PLOD2,-1.0285332253112696,1.4836945472380411e-09
AVPR2,-1.334606182841548,1.4902617377644551e-09
KCNN4,1.2998237847518332,1.4976429501670027e-09
COL14A1,-1.707823494797891,1.50789026884312e-09
RANBP17,1.4085644124168537,1.512619491657389e-09
ALOXE3,1.4250054238444485,1.5136321632122167e-09
P2RX6,-1.1823111546989593,1.5362205935219291e-09
SNURF,-2.046931408835069,1.53646722322208e-09
LAG3,-1.5492137131161474,1.5436028822454315e-09
LOC644538,-1.3276975353914375,1.546932647264128e-09
ZNF366,-1.3799241344021844,1.5888100231317715e-09
PAX5,-2.191455185058844,1.5936011811078383e-09
PGF,1.0814158962988278,1.6968611076765111e-09
REM1,-1.2309754733071805,1.698976271625216e-09
PROM2,-2.1585165529592345,1.7084128596252026e-09
DHH,-1.1345915060549214,1.7288435398008979e-09
MFI2,1.3514648047074855,1.7641812784422447e-09
SLC14A2,-1.8106542384444837,1.831675852932271e-09
OGDHL,-2.337435007675249,1.8393386011334438e-09
FERMT2,-1.4267539911308251,1.8534577859537799e-09
CD163,-2.01709217977145,1.8574597271726842e-09
IL18RAP,-1.3436105747910632,1.8676055671357583e-09
FCGR2C,-1.7147036329524097,1.8937637444777044e-09
PTPRC,-1.6333915572232662,1.9024394545174762e-09
S100A5,1.2503023878560455,1.949748544879024e-09
HIC1,-1.085758997100462,1.9498484562062863e-09
ABCC6,-1.3064591932457743,1.9541451189726827e-09
H19,2.470894831997265,1.967650848787712e-09
FYB,-1.4646250724884888,1.97587000692834e-09
NEUROG3,-1.861735579055091,2.003915933896414e-09
PCDHGA1,1.0950078713968954,2.0059178926540395e-09
ANO2,-1.0130372761385005,2.0082334624527046e-09
FAM162B,-1.079614625618284,2.008987676477441e-09
PGC,2.2265655892887586,2.0159117410401894e-09
PTGFR,-1.5943731025072454,2.017128785778184e-09
SNORD116-20,-1.1423710643015526,2.019116925905032e-09
SP140,-1.4056606685996922,2.0204579467229268e-09
NAIP,-1.0029937830462208,2.024515468584205e-09
KIR3DL2,-1.153037907214737,2.051684503282313e-09
ABCC2,2.303119162544771,2.064244640998591e-09
ZEB1,-1.2736556796861649,2.066740034860332e-09
RUNDC3A,-1.760427673545963,2.0753509123225474e-09
KANK4,-1.7213705185058863,2.09146959029374e-09
BOC,-1.613091872761382,2.13988795536666e-09
PLEKHH2,-1.398443169026094,2.142138328396333e-09
GAB3,-1.104412681221219,2.158110016441473e-09
PNPLA3,2.079406523963839,2.159682627755256e-09
FLJ32063,-3.0123414122462933,2.1784855277076403e-09
PACRG,-1.1945766672352034,2.194978226476193e-09
BNC2,-1.667155577349475,2.1977380434589143e-09
PRSS33,2.53566666382398,2.2127105815362514e-09
CCDC40,1.039061444652909,2.2888216958193387e-09
BCL2L10,-1.485439996588775,2.300708344530696e-09
DCHS2,-2.074707513218489,2.3222926765952363e-09
RASSF10,1.9155867900392245,2.3536477594725243e-09
F8,-1.0292935954289597,2.370703206255149e-09
DQX1,-1.8579861760191,2.3869071307841612e-09
IPCEF1,-1.2655123145147522,2.396170167438221e-09
OR51E2,-1.4904870714651235,2.40552379697674e-09
LY96,-1.3811787566092448,2.4101891523995406e-09
C21orf15,-1.3458469384274272,2.415938321117049e-09
MARCH1,-1.0919001364489145,2.4487062888027315e-09
PDPN,1.3835662885894626,2.455375485942062e-09
NCCRP1,-1.6834157683779636,2.455944802122658e-09
CDKN2A,1.666689945420429,2.4620404887576477e-09
COX6B2,-1.6347073256012292,2.462780675977221e-09
TLX1NB,1.051944533515264,2.468925300799022e-09
NELL2,-2.0565297629200057,2.496130106541571e-09
KCNS3,-1.286995326624596,2.5574811212188773e-09
PLA2G2D,-2.4416506054920686,2.666187742575062e-09
KLHL4,-1.40603197168685,2.705058758485002e-09
EN2,2.578459645232817,2.7737579801802503e-09
ENGASE,1.0860400989254586,2.7838619911535967e-09
OLFML2B,1.4459313406106018,2.7838619911535967e-09
THSD4,-1.0243219512195123,2.7949655493204092e-09
CDHR3,-1.1061652652225824,2.7949655493204092e-09
TNNT2,1.6005404485758152,2.816760471406886e-09
MT3,-2.240103112740921,2.8289113210950957e-09
MUC12,-2.507322010915926,2.83133612060743e-09
C1orf105,1.316681280914207,2.837027548424635e-09
AFF2,-1.5229257888453005,2.8432270738086964e-09
CHD5,-1.4555916766160677,2.8614326185856827e-09
DMRT3,1.3948158792427086,2.880589010091418e-09
EFCAB5,-1.1757683438512698,2.9206305288285755e-09
TUBB2B,-1.877757214736476,2.956889240334813e-09
SPDEF,-2.3669461794303226,2.991667749225078e-09
TLR8,-1.8630479362101289,2.999325448200706e-09
GFI1,-1.6131577520040965,3.008925304860318e-09
SDK1,-1.707073563022342,3.017511761308117e-09
CCL5,-1.5801050230257534,3.054933918909025e-09
PDE4C,-1.6936613082039962,3.086517680327968e-09
LOC283070,-1.327776411393483,3.139492107168748e-09
EFNA2,-1.483387890158621,3.149556156666405e-09
CLEC2B,-1.2613659304110492,3.1790927333124803e-09
AKNAD1,1.262481963158792,3.186664501948838e-09
C1QTNF3,-1.262126454033767,3.294888054783266e-09
DACT2,-2.1971137131161536,3.362782524947676e-09
ZNF469,1.532258059014154,3.4236304546109883e-09
ZIC5,3.02225661777247,3.5298951437502812e-09
PCDHGB4,-1.574231204161693,3.6123745409151942e-09
ZNF423,-1.439147910625958,3.629102277570363e-09
PALLD,-1.0676831656148629,3.6338528709151475e-09
LINGO4,-1.0968837881630562,3.6761161918412595e-09
BAAT,1.8308786116322688,3.70031443027129e-09
A1CF,-1.563296409687883,3.728344395847801e-09
ADSSL1,-1.440343765990109,3.783620786451331e-09
FAM50B,-1.5791061913696032,3.795599102499987e-09
KLHL29,1.1357489851611762,3.847843378630669e-09
GP1BA,-1.4304282790380354,3.847843378630669e-09
ZDBF2,-1.429008604809825,3.913225348613276e-09
C10orf72,-1.315492418557052,3.925012996118938e-09
SPINK5,-2.0377657342657365,3.976624835899721e-09
GPAT2,-1.9577672437318752,3.9855118077493415e-09
CCL26,1.6000005628517815,4.069952448564403e-09
CILP2,1.851551125703564,4.103477963768983e-09
SOX14,1.97268345556882,4.149573793043957e-09
AQP6,1.4550672096196482,4.175726241319241e-09
MYOZ3,-1.2115801210984118,4.264342884656286e-09
TBX21,-1.4317045795667722,4.291534731080865e-09
SERPINE2,1.2122144976974203,4.297000892367521e-09
GPR171,-1.413305423844446,4.323418368903223e-09
C20orf195,1.2824183779634983,4.339117483683897e-09
MMP8,1.811609142077434,4.347695449158951e-09
C8orf42,-1.2842569418386462,4.369678700806212e-09
CEL,3.2535628944226467,4.3725252786588954e-09
SOSTDC1,-2.4390791659559925,4.427785331262527e-09
C19orf51,1.6004377622377637,4.445138073049251e-09
SLC22A15,1.122742000682245,4.445138073049251e-09
TBC1D10C,-1.3894671328671286,4.4471648437832915e-09
CHSY3,1.2176873358348983,4.457158999549459e-09
SLC6A14,2.755678850417868,4.492750791703757e-09
STON1,-1.5399066177724725,4.526230166519025e-09
LOC285419,1.0395285775200414,4.579607862673065e-09
MEIS2,-1.6859038035135594,4.6086242331607404e-09
NDUFA4L2,1.3930011086474483,4.621926066520621e-09
RHOJ,-1.1654228551935857,4.665727023143896e-09
NEXN,-1.552674543748938,4.7503452670861406e-09
SORBS2,-1.4886379498550255,4.7548827301153805e-09
PER1,-1.0666238956165763,4.8343266382940605e-09
C1orf133,-1.2693880095514252,4.954675604665247e-09
SOHLH2,-1.6318017226675758,4.994346349082204e-09
RIPPLY1,1.11617484223094,5.1110166932105195e-09
SYT8,1.6843353317414276,5.187914319592597e-09
DCX,-1.0704701262152485,5.1964028344260494e-09
FBXO27,-1.467412817670136,5.229289482743786e-09
PALM3,1.857954929217124,5.313788050117587e-09
CHFR,-1.1479686764454993,5.366283050339744e-09
TIMD4,-1.5922505457956666,5.415666172433229e-09
NXPH3,-1.9079398601398612,5.424457025338081e-09
CSF2,1.6143738103360037,5.5820754199690615e-09
HLA-DPB1,-1.4701304622207054,5.608559788908519e-09
ADAMTSL2,1.189176837796352,5.8873760977687076e-09
TEX19,1.219745795667745,6.020180228761959e-09
PRR15,-1.0279784666553056,6.084277074921291e-09
LRFN1,-1.3179295923588614,6.094785350985288e-09
AKAP12,-1.7486476121439516,6.572353232874799e-09
MME,1.9765073682415133,6.946399660967833e-09
HIST1H1B,1.09029305816135,7.076878214947177e-09
KCNK9,1.7335087924270849,7.124692323829493e-09
EFS,-1.2394175422138831,7.154297692548613e-09
ACADL,-1.0406642247995908,7.335122367202662e-09
ODZ2,-1.5238511939280217,7.380345638491353e-09
ICAM4,-1.2503858604809852,7.427953022923319e-09
SLC2A12,1.3074480385468172,7.459101197775344e-09
PLAT,-1.0337912757973715,7.488643170251715e-09
CD53,-1.392970885212348,7.510529698552124e-09
MASP2,-1.0211927852635148,7.520654676362079e-09
BMPER,-1.8267130138154533,7.611351657349053e-09
TSPAN2,-1.50632405764967,7.656401063357215e-09
CPLX1,1.23708158792427,7.766567117002696e-09
MMRN2,-1.0529294644379965,7.84857744951168e-09
GRP,2.068721755074192,8.0560587683973e-09
EGLN3,-1.2970253453863272,8.330031555406297e-09
PACSIN3,1.3855508954460198,8.483464841426108e-09
CCDC89,-1.0001717209619598,8.764326914785369e-09
KIAA1751,1.2935555005969646,8.930580625371081e-09
CORO6,-1.1948961538461536,9.062076965488609e-09
TFCP2L1,-1.55996644209449,9.07239704702338e-09
SYT11,-1.1907867218147752,9.156590424607616e-09
ALDH1A1,-1.795101466825857,9.158229280180998e-09
AREG,1.667060173972363,9.258001390369874e-09
FNDC5,-1.2505048695207264,9.367208953610872e-09
ANGPTL6,-1.0085739553129789,9.374925319401227e-09
DGKB,-1.7117720876684293,9.464172411879816e-09
CECR7,-1.4596841719256353,9.735512605227264e-09
SLC3A1,-2.0220342145659256,9.807154276813081e-09
LPHN2,-1.2455127494456804,1.0325078041816428e-08
RRN3P1,1.0349607453522085,1.044148425223913e-08
ATOH8,-1.506537233498209,1.0546010012177469e-08
CFB,1.0999258314855869,1.0681525707590095e-08
SLC27A5,1.1074926914548897,1.0903590321095272e-08
BACH2,-1.473425712092781,1.0923259194342451e-08
LTB4R,1.010866919665702,1.1098921117985397e-08
C1orf175,-1.6278447978850377,1.1409841827751256e-08
AIF1L,-1.3547362186593928,1.1410497392572638e-08
TRPM5,-1.7599058076070309,1.1751834990784015e-08
RDM1,1.1081848115299344,1.2163747005987364e-08
AIFM3,-1.779128841889813,1.2185963201637276e-08
KCNF1,-1.5462249019273395,1.2508066631218384e-08
LCP1,-1.3418237847518384,1.2771549967072796e-08
TNFSF8,-1.4161714736483026,1.2830062400435543e-08
CARNS1,-1.1055261470237046,1.2867468556439492e-08
LOC723809,-1.986268070953436,1.2938114742296436e-08
PAR-SN,-1.6243124936039584,1.298059117385027e-08
CACNA1D,1.184480649837968,1.2981895814991151e-08
PCDHB4,-1.2585996759338212,1.3019035731164e-08
RPSAP52,1.0595523537438147,1.3053840229182984e-08
EHD2,-1.1928065324919022,1.3626571712647e-08
DMGDH,-1.2406018847006663,1.3720070450965826e-08
TWIST1,1.490236747398939,1.3737184156888862e-08
AMH,1.913566544431179,1.3870235766292844e-08
NPM2,1.432630274603448,1.388327656698241e-08
ZIC2,2.9815363380521944,1.3990401471806671e-08
CRYBB1,-1.1524347859457618,1.4006195739721717e-08
TMEM169,-1.039414054238447,1.4037210803675454e-08
SLC16A7,-1.600995079310934,1.4422184373242223e-08
OPRL1,-1.120870944908749,1.4474993698955016e-08
MEOX2,-1.9022171328671296,1.4539414648598104e-08
FLRT2,-1.599725908238101,1.4773862911615732e-08
KLHL14,-1.6789092358860649,1.4951149667649303e-08
MEGF6,1.4300936039570171,1.5012744909797187e-08
SERPINA6,-2.4328425635340243,1.5295951906909327e-08
MPDZ,-1.4845989510489517,1.5569455438985236e-08
LTB,-1.248148388197165,1.61812046087338e-08
NXPH1,1.1755378816305646,1.6500233123926982e-08
CD28,-1.3464716442094486,1.661474529335726e-08
SV2A,-1.1976297799761246,1.6708342579392472e-08
APC2,-1.1890647023707994,1.6751676080991993e-08
XPNPEP2,-2.74465888623572,1.7049599623315212e-08
C6orf204,-1.087000289953946,1.7156240478890477e-08
SULF1,1.6924172778441005,1.757217634745389e-08
FGA,1.829715393143442,1.7839649974584966e-08
WHAMML2,-1.149256771277504,1.810012074345505e-08
CD226,-1.291460054579567,1.814426360082101e-08
CCDC106,-1.0234074705782037,1.840158453035455e-08
PRSS12,-1.1822640201262162,1.840158453035455e-08
WDFY4,-1.616884393655126,1.8774581117311052e-08
C8orf79,-1.3856309312638595,1.9172900211134672e-08
LPAR3,-1.5350408067542194,1.927330337316669e-08
HHEX,-1.03498567286372,1.9372331637653287e-08
CLCN4,1.367477775882648,1.9447459285423927e-08
PMP22,-1.0813221047245438,2.0119898313540172e-08
KLF15,-1.5571152652225813,2.027554576353904e-08
C10orf107,-1.0758740235374389,2.0699640394744185e-08
NKX3-2,-1.491614932628349,2.1325928964815346e-08
PYHIN1,-1.4346889049974396,2.134300863602235e-08
C18orf18,-1.231667004946276,2.136424009943693e-08
BHLHE41,-1.2925936892375969,2.228981613175521e-08
IL1RL1,-1.3950255500596969,2.2721553773023923e-08
CHRNB2,-1.4735647791233202,2.27601244322073e-08
SAMSN1,-1.2987026436977658,2.281927953190329e-08
CASS4,-1.2866232389561645,2.2822370915435936e-08
C19orf59,1.7773286031042126,2.2981975997696387e-08
LRRC37A3,1.0445986610950015,2.300801337518248e-08
FCHO1,1.2647045539826038,2.324051092922395e-08
CD3D,-1.37581060890329,2.3483686564220825e-08
SLC5A12,-1.5737132952413448,2.3601094279113993e-08
PCDH19,-2.011500366706466,2.3608443227694673e-08
KLRC3,-1.168964173631249,2.37072761003966e-08
TTC16,1.1215210216612643,2.3859386213375665e-08
TNFRSF10C,1.1438729745863876,2.4277353781573023e-08
AGAP11,-1.1680294217977174,2.44945121479436e-08
THBS4,-3.101804630735118,2.4677513107146317e-08
KCND3,-1.7050436977656471,2.475492602181281e-08
RNF165,-1.2821877281255325,2.4761602323915225e-08
NTRK2,-2.3179991045539827,2.5070656619781988e-08
CHST15,-1.2080080249019254,2.5371999330849362e-08
SIT1,-1.365372914889984,2.5761485907539112e-08
PCDHGB7,-1.6033266331229754,2.581196684997701e-08
SLC6A1,1.0905400307010038,2.629166078505675e-08
LRRC43,1.3344594235033278,2.629166078505675e-08
RARRES1,-1.5895275200409351,2.6346983025480007e-08
TCEA2,-1.16517680368412,2.6843647660181485e-08
IFIT1,-1.4950867388708875,2.6858163337984543e-08
NCF4,-1.1265611802831312,2.7928756907586383e-08
HLA-DPA1,-1.4959376513730105,2.8240656580160888e-08
LRRC17,-1.1511419921541854,2.85068636996527e-08
ART4,-1.220772326454034,2.8867139976061533e-08
IL1R1,-1.1206783046222029,2.9051392616079514e-08
CPNE9,1.259623409517312,2.9290896481551e-08
CHST2,-1.0168556199897685,2.948786759715836e-08
P2RX7,-1.4408104639263142,2.9582409882731883e-08
LRRC6,1.190048780487805,2.9879544364941975e-08
EVX1,2.0972920689067007,3.11761763001055e-08
FRZB,-1.5816471686849782,3.12115219297337e-08
IQSEC3,-1.301733864915574,3.1606149356605585e-08
WNT8B,1.0115029677639424,3.164565429132023e-08
LHFPL3,-1.723274876343169,3.186263603108049e-08
RASSF5,-1.0829523281596458,3.4544212952222736e-08
MDFIC,-1.1532429046563086,3.4981886028809654e-08
KLRG1,-1.0198352891011448,3.583270518673423e-08
GDF6,-1.4992984905338544,3.5851593330580126e-08
COL17A1,-1.6432703308886207,3.5867895814216545e-08
CHRFAM7A,-1.73476169196657,3.626690192338815e-08
LOC100133161,1.0196696401159824,3.6677476416212486e-08
LEP,-1.7271164506225476,3.7465819471699114e-08
C20orf151,1.050138930581617,3.7614752653246874e-08
TMEM106A,-1.029152566945247,3.7629234866369096e-08
FCRL6,-1.2990219682756263,3.901557901310234e-08
SLC34A3,1.2769948916936738,3.904780919340538e-08
GNE,-1.314139322872247,3.916945283332519e-08
FAM149A,-1.562233029165956,3.9176482354999576e-08
LOC399959,-1.5945366280061366,3.9516315690389363e-08
PNMAL2,-1.2858124680197829,3.9858359991639495e-08
C17orf60,-1.199810941497527,4.0007909890275294e-08
UBASH3A,-1.3369633890499748,4.042699387031132e-08
COL4A3,-1.6525849906191366,4.08605923216374e-08
WFDC10B,1.0914793621013126,4.1769773452621055e-08
SLC7A2,-1.6976800272897812,4.179641952806501e-08
C1orf125,-2.16434261470237,4.1796904351739546e-08
CYP39A1,1.1348964011598124,4.1880628723979776e-08
DNAH14,1.4029384274262355,4.214374698291312e-08
CD300LB,-1.166271900051167,4.261901881152963e-08
GABRB2,-2.127333225311276,4.2628070115354286e-08
ADARB2,-1.0199662459491734,4.327094998993271e-08
GRAMD2,1.299425149241002,4.39258065282605e-08
CCR3,-1.2576168088009554,4.41959200356544e-08
DOCK3,-1.157220654954802,4.499395304042311e-08
GPR120,-2.0686507931093354,4.499669761320917e-08
INHBB,1.5540555602933672,4.623125735901973e-08
MEFV,-1.38028656830974,4.6247941357198296e-08
FBLN7,-1.059639723690939,4.6542085607181835e-08
CELF3,-1.8085667832167824,4.6817572429450553e-08
TPSD1,-1.903280760702712,4.8115337545340176e-08
FOXD4,1.1284466911137647,4.867761224140308e-08
PIK3R6,-1.1600324748422297,4.877896498746824e-08
WNT16,-1.140563696060037,4.940954197979356e-08
ZNF385D,-1.3742585621695376,4.976052220180169e-08
TSHZ3,-1.1803652566945262,5.019218173720337e-08
SOX6,-1.3397097987378483,5.041445331460056e-08
FGFR1,-1.190651330376939,5.0670395071564834e-08
CADM1,-1.418093936551248,5.096947765640652e-08
USH1G,-1.0730466228893056,5.20688932081063e-08
FLJ42875,-1.311665828074365,5.219296719210569e-08
IL23R,-1.0382329524134373,5.2524335190020683e-08
CIB2,-1.0206409687873093,5.406874804331994e-08
HLA-DOB,-1.4686097219853282,5.421043008223235e-08
ACAP1,-1.398498157939617,5.42250684462548e-08
TNNT1,2.5729496759338213,5.45678203449661e-08
C7orf52,1.2458729916425035,5.5989206502071936e-08
EVC2,-1.2734976292000724,5.642154199805112e-08
HOMER2,-1.678791702200241,6.088381551971454e-08
HLA-DMB,-1.3436242537949816,6.090324462277708e-08
NUDT11,-1.2075102251407146,6.325249711889757e-08
NHSL2,-1.388321277502985,6.464702230174856e-08
IFIT2,-1.0604833276479615,6.478266270338231e-08
C19orf33,-1.0007008954460217,6.4838691872785e-08
SPARC,1.181586508613334,6.557947287058536e-08
GPR65,-1.1496584086645063,6.887175172775048e-08
EBF4,-1.1917225055432326,7.014460923839976e-08
FAM184A,-1.4948696060037503,7.1025190550382e-08
AGR3,-2.073297961794312,7.17587268768819e-08
CCR7,-1.5058863209960762,7.298750613114305e-08
SIDT1,-1.2061094576155549,7.477589050134263e-08
KATNAL2,-1.0355885127068056,7.528514721688507e-08
DUSP15,1.4925566092444145,7.81751088275416e-08
CFC1B,-1.0676859628176705,7.989327619398617e-08
MAGIX,-1.178862843254315,8.067607669700332e-08
SCAMP5,-1.090403155381205,8.488025493252444e-08
KLHL13,-1.8025373443629604,8.547018266059605e-08
OSM,1.6386116066859984,8.604555424778645e-08
C13orf38,-1.043948695207232,8.616365774245204e-08
S1PR4,-1.1810348968105036,8.622372197147565e-08
HABP2,2.251403829097731,8.737020208871758e-08
ECSCR,-1.009511052362268,8.85071542134023e-08
AKR1B1,-1.1380754647791278,9.094085716314425e-08
KRT83,1.2838874552276986,9.108258143551608e-08
ADCYAP1,-1.7908788248337029,9.143152618233237e-08
CDRT1,1.0670600460515107,9.143152618233237e-08
ELF5,2.752172957530276,9.336978852165093e-08
EPHB6,-1.6559973563022323,9.503076610948553e-08
DOCK8,-1.256560583319108,9.561280281574096e-08
C3orf15,-1.631326326112911,1.0024659769662212e-07
SLC29A4,-1.335668113593722,1.0056463907267965e-07
LRRC25,-1.1681659474671768,1.0103891111273625e-07
SGIP1,1.1088295923588634,1.0188219547007169e-07
GATA2,-1.1254812553300375,1.0342578467013317e-07
KCNH4,1.225990474159987,1.0368930937132105e-07
CXCL17,2.1243339843083757,1.0644660621546929e-07
NOD2,1.139983617601903,1.0709773544798207e-07
SIGLEC5,-1.4606343254306688,1.0746760861756068e-07
NCAM2,-1.6259170646426742,1.0856019322894224e-07
TYROBP,-1.1945166126556348,1.0908651537969038e-07
ZNF655,-1.1572374893399306,1.1077103838956313e-07
GPBAR1,-1.093029541190515,1.1236266855894129e-07
TOX2,-1.0499658024901928,1.133425967764278e-07
CLCN1,1.385172445846836,1.133761434752303e-07
SNRPN,-1.3375541361077925,1.1395293917508048e-07
ZNF660,-1.0087682074023523,1.1489557719758554e-07
SLC26A7,-1.182518309739041,1.1499778442152645e-07
CD8A,-1.5195827392120087,1.163898022508646e-07
ACSM1,-1.2910686508613338,1.1805599501278861e-07
CTNNA2,-2.2285286372164426,1.218615353502289e-07
APOBEC3D,-1.0676679686167514,1.272000541121969e-07
DLGAP1,-1.261098626982773,1.2841389133478064e-07
PHYHIP,-1.3202598413781326,1.3020027582184018e-07
RASAL3,-1.0924627579737356,1.3047439724876669e-07
SLC25A27,1.159169452498725,1.324781122232435e-07
TGFBR3,-1.1656012792086037,1.3294508262411024e-07
KCNV1,-2.100891395190178,1.3328795882460444e-07
ANKRD45,-1.3086267951560648,1.3349726637454178e-07
LGSN,-1.3690690687361418,1.355322754900254e-07
ZDHHC2,-1.2061108391608355,1.3602383158926562e-07
COL9A3,1.9563417107282888,1.3779314812340238e-07
NCKAP5,-1.5149042640286554,1.4037029158156637e-07
SELP,-1.892401253624424,1.425175269242633e-07
FAM180A,-1.4806439365512554,1.4532629177120858e-07
SLC5A8,-1.398538998806072,1.4900516549847388e-07
RAB3B,-1.4378779379157431,1.54309910110274e-07
LOC100126784,-1.2511583830803357,1.547187492978309e-07
CLLU1,1.160745369264881,1.553852672096143e-07
HS6ST2,2.293457035647285,1.5607075917362936e-07
BEND6,-1.2426342230939778,1.5657642930598298e-07
EPHA4,-1.6373932884188935,1.5838619380558422e-07
ZNF880,-1.436085229404746,1.5934739937521217e-07
KCNQ4,-1.4556309568480286,1.5961880180024958e-07
RNF186,-1.4142409943714842,1.6035621461760049e-07
ATP1A3,-1.6380744243561312,1.677232326221579e-07
IGF2BP3,2.260245522769912,1.725619525673263e-07
IGFL2,2.084753351526518,1.7360911166290258e-07
SPOCK2,-1.147993885382908,1.7990574732247617e-07
KLKB1,-1.035557956677469,1.8054264564755686e-07
SLC26A9,1.9871561998976623,1.8221252141994906e-07
NLRP2,-2.757840610608904,1.882762922593157e-07
FOXP3,1.2547502984820014,1.9026078877756797e-07
PCDHA1,-1.3334401330376937,1.9112318606448186e-07
SRGN,-1.1752234947978888,1.923347689488069e-07
FGF7,-1.4232454119051647,1.928940476091136e-07
CAMK1D,-1.1183702114958152,1.9387803134019677e-07
CYTIP,-1.1538138751492415,1.962437803295362e-07
PRRT4,-1.3206727699130147,1.9962695764114726e-07
ZNF879,-1.1036283387344383,1.997963289223556e-07
TMED6,-1.195814497697424,1.997963289223556e-07
LAMA2,-1.531468130649836,2.054051718014842e-07
ZNF43,-1.6089163141736282,2.0559234140684305e-07
C10orf116,-1.3703151799420112,2.086634267295671e-07
HEPHL1,1.9291201773835904,2.137141802420284e-07
LOC100272228,1.0966236824151443,2.2306460772119683e-07
DACH1,1.5490289527545622,2.2380820194532874e-07
ZNF287,-1.0600644635851912,2.238510138037726e-07
KRBA1,-1.2611710643015526,2.256295844384573e-07
RASL10B,1.5614870373528915,2.293653177313125e-07
SIGLEC10,-1.3436533174142902,2.3467910404310973e-07
ACTA2,-1.1895170902268415,2.346945391005548e-07
CHST6,-1.3229693842742627,2.361167551399453e-07
THBS2,1.9187376172608024,2.403157128474498e-07
SPESP1,-1.419201091591335,2.411365171891612e-07
LOC149837,-1.4912162971175196,2.5074270419892944e-07
RORA,-1.0187348626982846,2.566526139946925e-07
C12orf36,-1.343991284325428,2.594275844842933e-07
SATB2,-1.203081988742964,2.603712194169969e-07
KREMEN2,1.1873074449940306,2.6790147048210484e-07
GPC6,-1.2686632781852278,2.75256037471684e-07
DNASE1,1.0115136022514075,2.869760342483927e-07
FAM171B,-1.018547126044683,2.905419484658364e-07
SBSN,1.1643632781852296,2.918474150513332e-07
IL1RN,1.504714190687361,2.959181906008347e-07
FLJ22536,1.081882014327137,2.969215199762807e-07
NRXN2,-1.5202434675081022,2.969538403251152e-07
SLITRK6,-2.4950651884700674,3.028025268972589e-07
BANK1,-1.3720948916936644,3.086485212773288e-07
ITGB1BP2,-1.0512360395701863,3.087781082271697e-07
NELL1,-1.156722488487124,3.110113500046103e-07
ITK,-1.28177503837626,3.199618145648035e-07
C11orf41,1.9634151202456056,3.4068764828434346e-07
CLIC6,-1.5130062169537783,3.410154437196674e-07
CLDN9,1.4749872420262666,3.44121764224434e-07
FAM159A,-1.0084714480641328,3.448529419419843e-07
HTRA4,1.1234298140883507,3.481246459936627e-07
HLA-DOA,-1.478367294900222,3.5066557370129265e-07
TSPAN18,-1.1447971942691524,3.518411816605414e-07
TLR6,-1.1006461794303268,3.547783559523484e-07
VNN2,-1.6684136193075254,3.569243141631602e-07
PMFBP1,1.3376989595770126,3.5785974139428777e-07
BRSK2,2.0761474501108603,3.631082917217713e-07
GBP3,-1.1680917277844092,3.681365106900924e-07
R3HDML,1.1664224714310087,3.68987256000163e-07
PODN,-1.365990900562851,3.7117197825635366e-07
CHST4,2.399552200238784,3.795350641163314e-07
TNFSF11,1.393545446017395,3.8309487729177874e-07
NGF,-1.0108980811871051,3.846319021349199e-07
AKT3,-1.1399896895787132,3.985349229942316e-07
TSPO2,1.025239101142759,4.063092661361317e-07
ASB12,-1.075242512365683,4.150129137019434e-07
DSC3,2.4455999488316595,4.165003150692906e-07
RCOR2,1.1788607197680392,4.233868165073106e-07
CAMKV,1.8206395190175664,4.257185037734386e-07
MUC2,-3.131280564557392,4.260411279126374e-07
CTF1,-1.1916441156404574,4.300366102844185e-07
SCNN1A,-1.1011894337369943,4.3176425979686497e-07
FAM70B,1.239816263005288,4.340651471837794e-07
LASS4,-1.433944073000171,4.343675680168657e-07
TAC3,-1.2559699727102167,4.465670320339931e-07
SLC28A3,1.979927690602083,4.720560372150716e-07
PLA2G3,2.397547586559781,4.76761686607513e-07
ENKUR,-1.051944004775712,4.780740321527072e-07
CD300A,-1.118386158962991,4.787330502515178e-07
WDR72,2.296780863039399,4.871051447744814e-07
ZNF813,-1.535845710387174,4.919772669394262e-07
PRKCG,1.935213192904656,4.964706077606667e-07
PRUNE2,-1.4048128773665276,5.102893655081927e-07
CD300LF,-1.225662578884533,5.137750980140293e-07
SLC13A3,2.240970126215247,5.203318366059539e-07
CXCL13,-2.087423486269825,5.235568903721583e-07
FAM101A,-1.117132619819209,5.256290259040345e-07
LILRB1,-1.3460222411734604,5.259394161064752e-07
GJB5,2.4026080931263856,5.266096594680438e-07
TPRXL,1.7416144806413076,5.272786332741005e-07
FOXH1,-1.1641301125703576,5.306835977612778e-07
PLA2G4F,-1.172513448746372,5.32746659073064e-07
FMNL1,-1.00402458638922,5.545029176497705e-07
ZNF354C,-1.1942724629029535,5.784200510346528e-07
MT1A,-1.8546147705952565,5.962638021183145e-07
FASLG,-1.2403182500426388,6.010562771015381e-07
TRPV4,1.1674898174995691,6.07727011961304e-07
LOC441666,-1.2437411222923425,6.107007881402714e-07
C1orf162,-1.0565716527375004,6.122035042835317e-07
MITF,-1.1796264455057166,6.284011863729235e-07
C6orf168,-1.4888580078458116,6.35379892069907e-07
F2,1.3302963073511844,6.500849382145229e-07
EGR4,1.322559517311956,6.728274863334784e-07
NFATC1,-1.1545987804878033,6.864965306470998e-07
RNLS,-1.4954979447381893,6.867474079607922e-07
CYBB,-1.2439995650690747,6.907261993558891e-07
LST-3TM12,1.364090030701005,6.951879770843754e-07
BIRC7,1.3716223008698614,7.067031056867734e-07
BMP7,2.0854435442606203,7.096454224621255e-07
EDAR,1.934879293876853,7.410279215798705e-07
MYO1G,-1.1170946017397236,7.474041698070867e-07
RARRES3,-1.3678538120416164,7.635669447857044e-07
CES1,-2.12045388879413,7.829289574607293e-07
IL2RB,-1.1863089544601682,7.836717145893982e-07
DMRTA2,2.1355300869861864,7.861395147066179e-07
SFRP2,-2.695722215589278,8.081148749108533e-07
GABRA2,-1.9848393484564228,8.138535661844105e-07
FGB,1.780624287907213,8.229456903932234e-07
FAM65C,-1.0759450707828755,8.265471835297335e-07
APOC2,1.4499418301210998,8.33021034384002e-07
ERP27,1.7467770936380678,8.438155456970202e-07
SPI1,-1.0699509807265937,8.520698485453593e-07
PTGER3,-1.5514593041105238,8.5715693114123e-07
SFRP4,2.2546889902780123,8.638991293307839e-07
TNFSF14,-1.0723666894081538,8.660946171246365e-07
PAEP,1.4130194866109504,8.720087870795475e-07
ITGA11,1.4516278441071142,9.01137453074115e-07
KLF12,-1.0768261043834189,9.18677968741319e-07
GZMB,1.5353978850417915,9.264719909541384e-07
PNMA6A,-1.272856387514924,9.266520109660232e-07
TM6SF1,-1.0258929302404889,9.558901517234606e-07
AGXT,-1.3961222667576338,9.560084156912024e-07
WNT5A,1.0221682670987482,9.644786043317618e-07
C19orf38,-1.087241685144122,9.717337570999991e-07
SIRPG,-1.2603519785092985,1.0075866097313212e-06
ACSM3,-1.0569713286713274,1.0183855413041043e-06
IGFL1,1.552126573426573,1.0267942150624608e-06
CPLX2,-1.9026036244243607,1.031496782009335e-06
HERC5,-1.1961892546477948,1.055737688206805e-06
LYPD3,1.14760256694525,1.0620020048970037e-06
NHS,1.0161772983114457,1.0723348523172476e-06
UCKL1AS,1.0248456506907715,1.0768900308935178e-06
ITGBL1,1.9206249530956845,1.0942669088942856e-06
FSTL3,1.0156114446529063,1.10234978255996e-06
KCNK13,-1.0139729660583336,1.117537371902654e-06
FAM19A5,1.1162023963841057,1.1391610764380474e-06
LRRC15,1.5279836602421986,1.1533598305678763e-06
RORC,-1.20669684461879,1.1681118082133089e-06
FADS1,1.140646111205868,1.1821020347387292e-06
TRPC1,-1.0368556711581114,1.1870984765474895e-06
LOC399815,1.1072080249019258,1.196193273805565e-06
LRRC4,-1.117720177383592,1.2024040946650568e-06
PCDHB3,-1.0107164165103175,1.204000160743009e-06
STEAP4,-1.2942145147535378,1.2403282331025296e-06
GPNMB,-1.475999249530954,1.245617359161802e-06
KMO,-1.021039348456422,1.2642241000646046e-06
F2RL2,1.32057585706976,1.2761547453325009e-06
CYP2W1,2.5861273068395025,1.2848072975220815e-06
LY6D,1.824629276820739,1.2880909878291458e-06
HS3ST5,-1.1689598584342489,1.3003754509331647e-06
MAGEE1,-1.2799172096196498,1.3299987859960255e-06
ADAM11,-1.0358452413440205,1.3607886686463312e-06
SYT12,1.3488660071635672,1.3980583189104e-06
SELL,-1.3833351185399962,1.4047286757189252e-06
LILRA2,-1.2386775200409348,1.4102636316619029e-06
IRX3,1.56892021149582,1.4148561833458465e-06
LGALS7,1.0448130393996236,1.452665473799708e-06
BEAN,1.284003078628689,1.4893206184967055e-06
ITIH3,-1.184066160668598,1.503476549303676e-06
CXCL6,1.5922484308374556,1.503476549303676e-06
MTUS2,-1.171988418898175,1.5178379121313062e-06
PTPN20B,-1.808749863551084,1.5358371723352846e-06
KCNA2,-1.0080908152822794,1.5433704463240696e-06
PPBP,2.50753147705952,1.554163777760344e-06
PLXNC1,-1.5471652822786952,1.5671044078615689e-06
EPHA3,-1.2468419921541836,1.5879710732378717e-06
GUCY1B2,1.2407172266757631,1.5882138307636634e-06
C1orf161,-1.2381942520893716,1.58996717312124e-06
APOBEC3C,-1.0475635937233525,1.596037380133595e-06
PHKG1,-1.0304014412416849,1.6025526985237495e-06
UTS2R,-1.0285263772812552,1.604582566183665e-06
STAC,-1.325940124509637,1.6058040263852544e-06
C3AR1,-1.213257223264543,1.6348832851112458e-06
SFTPA2,-1.6937365938939113,1.685413351990231e-06
CPNE6,-1.3843059611120574,1.759919596349023e-06
SOBP,-1.0434708340440002,1.7652486853118023e-06
VTCN1,1.465531025072489,1.7738506485787552e-06
TAC1,-2.0650801466825874,1.79074518811932e-06
ENPP3,-2.384218369435441,1.8429438654100844e-06
ZCCHC24,-1.0601206634828555,1.8553523966716456e-06
ZNF256,-1.279146827562684,1.8702676674163544e-06
CDH11,1.1473732730684016,1.8975325506689489e-06
LST1,-1.0407995565410184,1.921572459617614e-06
ODAM,2.0889751407129458,1.9222495138942965e-06
PADI1,1.4653662885894607,1.928785260564991e-06
KIAA1383,-1.366046426743985,1.934021830346032e-06
VSIG8,1.2485281170049451,2.084488991834756e-06
SSC5D,-1.5040122207061204,2.122665248955613e-06
ZNF334,-1.6890724884871235,2.150382084060278e-06
ZNF208,-1.109990525328327,2.1640258658676693e-06
NMU,1.929011137642843,2.184235572746113e-06
ADAM23,-1.3823789868667893,2.3241336070461603e-06
C14orf72,1.0623866791744838,2.3583889878227554e-06
HES2,-1.1804396213542532,2.4617286358436248e-06
ADRA1D,-1.0157629455909936,2.4714942579232085e-06
COL1A2,1.2708636448916977,2.4714942579232085e-06
MAP1A,-1.121457342657347,2.4844112306371976e-06
KRT14,-1.4210646597305134,2.5220959224092768e-06
SPRR2D,1.8194383165614876,2.525775896242633e-06
ABCB4,-1.0471767269316068,2.565724517037537e-06
CALCA,1.7330403121268962,2.599317092667123e-06
SAA4,1.3238767610438344,2.607349072522009e-06
PCDHGA9,-1.1259450196145346,2.64567420386966e-06
CARTPT,-1.6118529933481165,2.660205769249382e-06
AQP9,1.831959269998296,2.6705711524687733e-06
NCRNA00105,1.0939737079993153,2.675114198376597e-06
SSTR5,1.6479618284154862,2.7090229403787906e-06
PAR5,-1.086249385979874,2.711776243696682e-06
ARHGAP10,-1.138745872420264,2.719146046233941e-06
TFEC,-1.2262871738018086,2.733954788857261e-06
NKG7,-1.3178902780146675,2.874376524450944e-06
IL24,1.8804294814941136,2.885435877476032e-06
DAPK1,-1.2704348371140988,2.991563535992596e-06
RIMS1,-1.2199617857752,3.017681177662529e-06
NTS,-2.000988683267952,3.032507237006312e-06
PHLDB2,-1.1594248763431656,3.064474662107681e-06
ST3GAL4,-1.3952110608903254,3.0682601769815505e-06
NUDT12,-1.228072070612317,3.069267825272774e-06
NOV,-1.1613042555005937,3.074637949349769e-06
RASD1,-1.352511495821255,3.1167733290495507e-06
COL4A4,-1.3783344021831816,3.1389784057515446e-06
SRMS,1.4618428876002034,3.194359770396904e-06
NR0B2,1.6059524049121665,3.2029958201645363e-06
PCYT1B,-1.1478622292341814,3.22897287684245e-06
ADAMTS19,-1.3437542043322532,3.2427515133419352e-06
B3GALT2,-1.3252355108306304,3.3345450067669265e-06
DPY19L2,-1.041360643015523,3.3975423206823137e-06
HOXA5,-1.1854170816987892,3.40072133645576e-06
IGSF6,-1.153564037182333,3.41733437252156e-06
GIF,1.8752479873784755,3.5910960093266096e-06
SERPINF2,1.057075899710043,3.593484107355399e-06
CYP27C1,-1.054959278526352,3.6143988390741215e-06
PCDHGA4,-1.0393551594746708,3.7191948448983473e-06
VCAM1,-1.0414198192051891,3.750216825987844e-06
FAM157A,1.0064984564216235,3.802185738679891e-06
NPC1L1,1.955056438683267,3.8369185785089015e-06
CHRM1,-1.4741801040423002,3.912187827806711e-06
ALDH1L1,-2.4410650946614343,3.9141287454810215e-06
LAIR1,-1.104325567115814,3.923585076176388e-06
ABLIM3,-1.1008914293024086,3.937527191185774e-06
SPHK1,1.1409095343680755,3.957670833439879e-06
FBXO17,-1.275472198533178,3.962005965741485e-06
FXYD4,1.1904893910967078,3.977758412457831e-06
TMEM195,-1.673512084257209,4.000854936572301e-06
SMAD9,-1.3698629882312805,4.117918827939573e-06
GULP1,-1.0872266587071433,4.146715645807198e-06
FGFBP1,-1.3676578884530102,4.151046432836929e-06
BEX2,-1.985288896469385,4.204828390448147e-06
SLC4A8,1.0290252601057466,4.20505810771904e-06
DLX6AS,1.4892940644721135,4.243724570379687e-06
FOLR1,2.0158483029165954,4.299266014598665e-06
MAFB,-1.0869070527033928,4.341035759518546e-06
REEP1,-1.6456212178065828,4.395992819047894e-06
SIGLEC7,-1.1835174313491343,4.401646298825044e-06
APOD,-1.6253088947637735,4.485852567743888e-06
NAT8L,-1.1036723435101488,4.507468159936849e-06
C14orf105,1.422363661947808,4.56440102562042e-06
SMPX,-1.813997313661949,4.649510469210413e-06
PLEK,-1.2367909176189622,4.680114868031319e-06
PRICKLE1,-1.1939726164079776,4.762556669271185e-06
RHCG,1.6588127238615047,4.825698786774441e-06
SERPIND1,1.7270086303939944,4.827457648674103e-06
CD2,-1.0989463499914702,4.953464106771838e-06
PCDHGA7,-1.2269654528398428,5.008716620276954e-06
PCDHA10,-1.167343586900905,5.037406556914602e-06
NCRNA00185,-1.1657778014668263,5.107166320531121e-06
DYNC2H1,-1.0580211581101857,5.135146479945196e-06
RPRM,-1.3989877878219348,5.1410136231505e-06
MAT1A,1.7250705270339437,5.606428849062778e-06
GATM,-1.1542789356984438,5.696773955568129e-06
CXCR6,-1.0962615640457107,5.827798182499362e-06
KLHDC7A,-1.4483247569503686,5.949336442839897e-06
FGF20,1.405789032918301,5.955109168260783e-06
SLAMF6,-1.1369531127409165,6.020736007577447e-06
IL17REL,-1.141254818352379,6.0298792609747005e-06
NIPAL4,-1.201401901756781,6.042753157113233e-06
CACNA2D2,-1.443821874467,6.092362972635629e-06
FLJ16779,1.2609680283131506,6.137222819332855e-06
C6orf176,-1.0438890329183022,6.743990268236608e-06
CALD1,-1.0987997441582884,6.835306364709501e-06
UGT2B7,-1.6562594490874982,6.861969408928321e-06
SLCO1B1,1.0308510318949349,7.175093656604676e-06
SUSD2,-1.0963324407300048,7.26918182335525e-06
C17orf77,2.0867702711922247,7.287759154205202e-06
HLA-DQA1,-1.3861036926488133,7.376397938582299e-06
GZMK,-1.5358336090738556,7.3947350970347794e-06
ARX,-1.4095418386491567,7.45457686833968e-06
PLEKHG4B,-1.1235074705782024,7.611025781169343e-06
PNMAL1,-1.2696664762067185,7.639306888466778e-06
RAB39,-1.090644618795837,7.963873361343343e-06
SPRR1A,1.8370899283643185,8.464620368146182e-06
C21orf29,1.5444986269827707,8.579907920243497e-06
DUSP27,3.2381496844618782,8.941918399715018e-06
SERPINB7,1.4627289356984476,9.151915211642612e-06
FOXD1,1.9416289612826176,9.171234531946971e-06
SEC14L4,1.4036828671328667,9.34887111097766e-06
SLC6A17,-1.0107219768036826,9.419017201155496e-06
KIAA1324L,-1.7894032833020628,9.433658281023092e-06
UGT2B10,-1.3425893655125345,9.853386197262674e-06
ARHGAP6,-1.2799463244073008,1.000228720309759e-05
WISP3,2.0387652311103523,1.0456892879362434e-05
BAMBI,1.18947929387686,1.055817825915639e-05
GLDC,-1.5801752089374057,1.1081844164230505e-05
NAT8,-1.386070416169197,1.1231172356954316e-05
IL17C,1.1228269316049806,1.1466779791248465e-05
KCNJ5,-1.2425043748934024,1.1521127835785516e-05
FAM26F,-1.1547171584513023,1.1542106498689906e-05
SPRR2A,1.7182042640286543,1.1566286090284367e-05
TBX20,1.2582463244073006,1.163811369258176e-05
VGF,1.3421983796691093,1.185787675609951e-05
FST,-1.1645941156404556,1.1918228931970811e-05
PDZK1,-1.3916885127068044,1.208054858202088e-05
ATAD3C,1.1606459577008348,1.239865880908234e-05
ARNT2,-1.2469948149411545,1.240104526706237e-05
ARC,-1.2850590482688058,1.2447023129691387e-05
WASF3,-1.4062035476718426,1.2959190950340198e-05
VCAN,1.1174893655125349,1.300588472362789e-05
CYP4X1,1.6713064472113262,1.3605108362505224e-05
ALPPL2,-1.788287659901075,1.3643210293704332e-05
MGC45800,1.217320961964866,1.3765359653190712e-05
WWTR1,-1.054550136448925,1.3856248579664605e-05
PLAC1,1.1859166297117492,1.3962060852455591e-05
C3orf67,1.3799629114787697,1.3991888957160322e-05
BEST3,1.2898023622718742,1.4185748259071364e-05
ECM2,-1.0882204929217112,1.4203493126072163e-05
GPR81,1.589549096025926,1.435167439138286e-05
PRSS1,2.056405500596964,1.4505637387830537e-05
FAT4,-1.04873155381204,1.4542481876394482e-05
ACSS3,-1.2884531724373174,1.503745640244421e-05
FOXA1,-1.297545983285012,1.5347050408837695e-05
EREG,2.0055378645744515,1.5410011540354508e-05
THSD7A,-1.149230214907044,1.5539881150381753e-05
VGLL1,1.2437779720279722,1.6011952575024105e-05
PHGDH,1.1539641736312376,1.6179513165232972e-05
NEUROG2,1.4531154954801295,1.6215032694375822e-05
SPRR1B,1.69173786457445,1.631822934685893e-05
HLA-DRA,-1.1375148814600171,1.6681104905634647e-05
ZNF853,-1.1042661436124828,1.724908131479008e-05
CCR5,-1.0035794303257657,1.8190974874898405e-05
WFDC2,-1.7335746460856232,1.831166658270741e-05
KCNJ15,1.252711384956509,1.840249912488756e-05
CPE,-1.3072757973733573,1.8695633807061437e-05
PDLIM4,-1.0102345045198726,1.898122970783908e-05
SIX2,1.541251048951048,1.918150896900588e-05
CCDC136,-1.082047578031725,1.9222674212947187e-05
PCDHAC1,-1.1078907214736478,1.948714904740409e-05
GALNT8,-1.628057786116318,1.969637831555042e-05
C17orf55,-1.133172104724542,2.1167796260878243e-05
PRSS21,-1.841446921371313,2.2124535218475676e-05
ROR2,-1.2196280146682597,2.2197289214171263e-05
PRDM13,1.3169566774688728,2.275394113977325e-05
SCAND3,-1.756775345386321,2.314483107314004e-05
DLX6,1.630208297799761,2.3506739418667447e-05
NPTXR,-1.323102208766846,2.386575941871167e-05
SYTL5,-1.398041975098069,2.42129942773487e-05
SAA2,1.7592492495309604,2.4408728669014932e-05
DGCR5,1.0190018250042645,2.4730363727095516e-05
IGSF1,-1.2314822786969115,2.5623526161181368e-05
KLK11,1.7922106344874609,2.601964713028369e-05
AADAC,1.372699530956849,2.6035894041558048e-05
CRTAM,-1.1301658280743645,2.6543608170201536e-05
ABCC6P1,-1.0627380010233676,2.663539888617056e-05
CLGN,-1.4256583916083918,2.666828584617543e-05
EPHX3,1.0076923332764784,2.66729639538958e-05
TCL6,-1.2008657854340787,2.7311722315185407e-05
CPA6,-1.784206106089035,2.7347163407535635e-05
KIF12,1.0081950025584128,2.7731478807590784e-05
C11orf21,-1.0581338563875144,2.7854667968094463e-05
ZNF331,-1.028197842401502,2.787462829796912e-05
ZNF595,-1.0960496588777089,2.8178644978983603e-05
EPHB1,1.443428023196314,2.9104696263265906e-05
SH2D1A,-1.111543996247649,3.041385384649857e-05
CSF3,1.496789638410367,3.077030098402388e-05
CLEC12A,-1.2065226846324388,3.180309118415102e-05
SBK1,1.188348746375576,3.232110318676053e-05
GSTM1,-2.304132440730002,3.294818500802771e-05
GRIP1,-1.092342341804537,3.331852500433614e-05
POPDC3,-1.1591348030018764,3.394002464315438e-05
AQP12B,-1.2694135510830629,3.4188078467448703e-05
RASSF8,-1.051737574620506,3.479139087124508e-05
SDK2,-1.1904647023707993,3.529031894942971e-05
COL2A1,-1.4684629285348794,3.5396241795768484e-05
TRPM2,1.0406515521064217,3.561033444351908e-05
FPR3,-1.102442358860647,3.620025100970646e-05
PLA2G12B,-2.132876709875495,3.620123245539331e-05
LCN2,1.53510363295241,3.780395903358054e-05
SLIT1,-1.0281131673204822,3.790996224774208e-05
REG1A,3.289146674057654,3.840788796834936e-05
ENOX1,-1.0157496588777095,3.847987407452131e-05
ZAP70,-1.0113451219512193,3.855691567913801e-05
SLC19A3,-1.4928079396213558,3.9267770861224986e-05
IFI6,1.062832082551589,3.9919385983460405e-05
PLA2G2A,-2.2429448064131066,4.038800672516131e-05
UPK2,1.0360268377963495,4.104487396823681e-05
MS4A15,1.2691772983114455,4.254765834661344e-05
SCT,-1.1591251492410035,4.292865802118252e-05
IL12RB1,-1.0063694183864893,4.311607438943712e-05
GPR84,1.0004566263005303,4.39386649175328e-05
HECW1,1.087595318096537,4.451042661447682e-05
HOXC11,1.8211722241173467,4.451339263149308e-05
STON1-GTF2A1L,-1.23941935869009,4.451339263149308e-05
PDCD1LG2,-1.1235834299846488,4.498520039434298e-05
CYP24A1,1.480013431690261,4.580124864862386e-05
MYCN,1.135121593041112,4.6241929902836495e-05
FLJ45445,1.0744153760873258,4.693888600690898e-05
GAL3ST2,-1.2039596793450489,4.7004911729404375e-05
WNT6,-1.1421791830121115,4.713155306720878e-05
POU4F1,1.1835944823469209,4.759466189512237e-05
CYP2C19,-1.1668944823469207,4.785813723561842e-05
LOC440173,-1.1537237079993177,4.843129849059653e-05
RHBDL3,-1.25469882312809,4.872656692904714e-05
IPW,-1.2999878560463944,4.897224986967744e-05
GPR97,-1.1484549377451794,4.933244778814912e-05
VENTX,1.450488555347094,4.953367945056053e-05
CSMD2,1.1015413951901771,5.015021559233327e-05
HAMP,1.0567629285348803,5.033778637869641e-05
DLX1,-1.063863772812553,5.063273042389578e-05
GATA5,-1.1220807948149407,5.068684306501408e-05
SNORD116-4,-1.4835091847177226,5.093884327906153e-05
ECHDC3,-1.6985718403547647,5.142509479062696e-05
TNNC1,1.3885480556029344,5.216542618167884e-05
UPK1A,1.0058322275285685,5.246429643649925e-05
ZNF518B,-1.1091327818522947,5.3456333924761056e-05
CCL20,1.1209329097731562,5.42964929375101e-05
GTSF1,-1.1852899368923755,5.439396431297301e-05
ITGAM,-1.2159751918812851,5.6154660246299634e-05
HOXA6,-1.083129362101312,5.7220412791758855e-05
SPAG16,-1.2365022599351887,5.933646593185204e-05
SHOX2,1.03509883165615,6.172798505047966e-05
ROBO2,1.367217755415318,6.380681859366297e-05
IL7R,-1.2361056370458767,6.499766374310207e-05
REG3A,2.9237691796008862,6.552730617307889e-05
ADAMTS2,1.2638814514753545,6.672000436363822e-05
PCDHGB6,-1.274264182159304,6.900863478856026e-05
HOXD10,-1.3643028910114294,6.912641862314856e-05
VWDE,-1.369932841548694,6.93542607599781e-05
WIPF3,-1.111484785945764,7.195437192631457e-05
TNFRSF11B,1.142895744499401,7.281495005775062e-05
MOGAT3,-1.0894645915060606,7.353120685000902e-05
IL17A,1.0703862101313324,7.429214079603321e-05
CYP2C9,-1.3330420177383568,7.53567441528913e-05
LY6H,-1.090961836943548,7.661204252426795e-05
DDO,-1.1466417448405275,7.661204252426795e-05
MYH4,1.0152001876172596,7.684191090890807e-05
CYP1B1,-1.4234055261811358,7.88523169233642e-05
GLRA2,-1.6845693501620311,8.032933131324838e-05
AQP5,1.9481102166126565,8.064245645808294e-05
GOLGA8B,1.1193431178577553,8.292462200444802e-05
PRRX1,1.1112733412928506,8.2937875514715e-05
OSBPL6,-1.1068603274774005,8.546796247322594e-05
AMBP,1.2975621951219507,8.610410496606752e-05
TDO2,1.1770581187105638,8.652200120417048e-05
RNF182,1.4380039314344193,8.92509960521926e-05
F7,1.4281372590823802,8.93012289513305e-05
RAB27B,-1.218310967081698,9.139878571703083e-05
HTR2B,-1.1719234095173134,9.292577913311466e-05
MSLN,1.6724305389732177,9.746053741326976e-05
NPR3,-1.2585281596452336,9.760487785968956e-05
SHC3,1.091063926317584,9.787952686523092e-05
HLA-DQB2,-1.158878995394848,9.824123059250884e-05
SULT1C4,-1.062755671158111,9.830083092961926e-05
PADI3,1.637599957359711,0.0001042620693464
GDF10,-1.4584960600375243,0.0001061323113762
PAX4,-1.002085758144295,0.0001061669998063
GRPR,1.2571181818181816,0.0001068141883925
ADAMTS15,-1.3492208169878896,0.0001100605427102
GSTM3,-1.0946893655125365,0.0001104413477083
MYBPHL,1.097835237932799,0.0001137546585723
ZDHHC8P1,1.2139567456933271,0.0001150286838259
GPC3,-1.2011594490874922,0.0001160438844024
C5orf23,-1.329679490022171,0.0001181202999871
CST6,1.1696917277844106,0.0001181639858457
NPW,1.162755747910625,0.0001204785799165
DOC2B,-1.1416986696230609,0.0001238227261993
NAV3,-1.056522761384954,0.0001277578288661
SIGLEC15,1.0047149155722308,0.0001284524838095
RNF212,-1.0388220279720288,0.0001290517937064
SLC6A12,-1.0174726505202103,0.000129406854794
C2CD4B,1.1566566518847052,0.0001302651573633
CXCL10,1.328339843083744,0.0001303213346184
HULC,2.3178698789015857,0.0001307162118886
C19orf41,1.0960989681050657,0.0001368820354047
SLC18A1,-1.6521208255159432,0.0001369617609353
CHST13,-1.1202647450110907,0.0001372374822693
STK33,-1.4251967337540528,0.0001390127021471
GUCY1A3,-1.0337841804536971,0.000142195551555
MMP12,1.2400923076923007,0.0001465541993166
AS3MT,-1.0327310506566567,0.00015426398207
KIF26A,-1.2245964182159268,0.0001557577675306
HLA-G,-1.0090628176701315,0.0001598509107732
SDR42E1,-1.1815904741599832,0.0001609228023679
CES4,-1.256342145659219,0.0001639385515346
LEFTY1,-2.0136353658536645,0.0001645016657574
F10,-1.1410553897322189,0.0001704006528764
DLX5,1.0998115555176529,0.0001754620623453
SLFN13,-1.301245659218834,0.0001755336496738
COL8A1,1.3063295582466343,0.0001851632112854
ZNF606,-1.028432423673884,0.00018647118143
PLA2G4A,-1.3634464352720483,0.0001901852697151
HLA-DQA2,-1.2523538120416149,0.0001966231268695
SCN5A,-1.002215052021148,0.0001980069585992
CCL24,1.152530428108478,0.0001985798988713
PKIA,-1.1804641395190192,0.0002071154435973
CXCL14,-1.472498379669107,0.0002109115353675
TM4SF20,-1.646077460344535,0.0002254324821245
C11orf92,-1.2639511427596792,0.0002323463831324
CLSTN2,-1.1626747569503657,0.0002381237614516
FADS2,1.0148272727272722,0.0002562631895464
GPR64,-1.0835651799420094,0.0002643376246488
DPCR1,1.0922493262834734,0.0002659341010939
PPP1R14C,-1.1480675166297107,0.0002746643376717
TRY6,1.6856597987378468,0.0002766739775953
ABCA12,1.6177905850247298,0.0002837631602972
ONECUT3,1.068274219682756,0.0002876529384986
KLRD1,-1.0823094490874974,0.0002905745720265
LOC283174,-1.0145568736141914,0.0002914646042432
LYPD6B,1.0612029677639452,0.0002973517712588
NPSR1,2.00491904315197,0.0003108484082916
KLRG2,1.1512758485417027,0.0003169748668009
PCDHA4,-1.3655773153675588,0.0003255596059346
APCDD1,1.1657692478253452,0.0003304319069869
SPRR3,1.374705551765309,0.0003318274359505
ZNF285,-1.121183122974589,0.0003348915512858
SOX1,1.6763025840013626,0.0003514902597607
LTF,-1.1913890755585843,0.0003773950484937
AKR1E2,1.0102823980897155,0.0003776339487149
SIGLEC14,-1.1711848115299324,0.0003881033258566
LOC400696,1.0243871226334624,0.000396286028597
VAV3,-1.1557517653078708,0.0003965221076902
C3,-1.2112272471430945,0.0004346428796358
C13orf33,-1.0182731707317068,0.0004433894511548
TBX4,1.139369716868498,0.0004753737289782
KLK12,1.577822752856901,0.0004764405347039
EDA,-1.1023453777929433,0.0004965098745513
TMED7-TICAM2,1.0278686423332752,0.0005172919672834
SERPINB2,1.2829557820228552,0.0005531321717432
ISM2,1.3326289101142756,0.0005542277590393
BEX5,-1.1829747910625974,0.000554505603567
TRIM72,1.3287654357837275,0.0005837457440608
SLAIN1,-1.0974197680368398,0.000588178155153
LOC84740,1.7223548268804358,0.000611076951012
SERPINA3,-1.4172692734095156,0.0006481099802062
DKK2,1.1583227272727252,0.0006542994649736
DDIT4L,-1.0722096196486448,0.000671695704574
MUC6,1.7954652652225838,0.0006764097927798
RPL39L,-1.108382679515608,0.0006914035808077
RAB26,-1.083523597134569,0.0007503668007964
DNALI1,-1.0561692051850589,0.0007515213702489
PCLO,-1.0877620330888655,0.0007700951346664
GAS1,-1.2623693331059158,0.000792004896655
CD84,-1.004071686849734,0.0007966448768038
CADPS,1.2358302490192736,0.0008818673572171
C1orf230,1.056132423673887,0.0008900080044811
SYT13,-1.033753513559608,0.0009347146389331
RTN4RL1,-1.2765860651543584,0.0009362991418008
DAPL1,1.088980615725736,0.0009363769686377
TNFAIP6,1.007330453692651,0.0009552657089095
ALPK3,1.0520838904997492,0.0009826080023984
EGF,-1.4253850673716526,0.0010235130799666
HLA-DRB5,-1.068699940303592,0.0010260096839005
NTSR1,-1.3884487122633464,0.0010343793302202
HLA-DRB6,-1.1237626044686984,0.0010461702541664
CELP,1.6567058161350854,0.0010580024844897
SOX8,-1.218454281084771,0.0010622502917665
REG1B,2.387122863721646,0.0010797955358663
DMRT2,-1.15542833020638,0.0011538981675017
RIMBP2,-1.1109557564386812,0.0011553100126443
C8orf47,-1.1000812894422634,0.0011732011106308
MARK1,-1.0083553812041588,0.0011910398594551
LOC100133545,1.192143416339758,0.0012175512625043
GPR109B,1.2108670816987883,0.0012869176733028
SLC14A1,-1.3436662033088904,0.0013200266375604
NMNAT2,-1.0048572232645403,0.0013499381490274
HOXD11,-1.1325159901074526,0.0014054871457391
ALDH1A2,-1.3928737591676628,0.0014623432206823
RGN,-1.093583847859457,0.0014753092081885
SERPINA7,1.194623656830973,0.0015025255694949
TCP11,1.0998279805560291,0.0015121811436195
SPACA3,1.040910114275966,0.0015124071514265
APOE,-1.0099018591164892,0.0015349206005836
CTSE,-1.92948374552277,0.001534922592682
VNN1,1.1693188640627694,0.0016342801388619
MMP9,1.0096223008698573,0.0016385901777255
L3MBTL4,-1.0574928193757476,0.0020724257898541
CPN1,1.1042758741258747,0.0021451023010895
HYAL1,-1.0247297885041808,0.002406258636781
LGR6,1.0819010745352236,0.0025349648262879
UTS2,1.046219887429644,0.0028878067722639
ORM1,1.079439152311104,0.0030769681902722
MARCO,-1.505865154357836,0.0032748057738653
IGFALS,-1.135113082039913,0.0033544239512777
HOXB13,1.1642148899880669,0.0034568830944332
HOTAIR,1.0274847944738186,0.0035178486792375
MUC5B,-1.654716339757801,0.0036246871373115
C5orf38,1.1585061060890316,0.0037934495412548
GPR110,-1.1181112570356482,0.0038159654162739
DKK1,1.1770754050827246,0.0038491196236778
SYT1,-1.0420127579737315,0.0038803003968082
MAGEA6,1.5698878475183355,0.0039028809648246
CAPN6,-1.4086289868667894,0.0039866452146241
NKX2-1,1.1026937318778784,0.0043289367937932
MAGEA3,1.4284219512195118,0.0045710827442102
SLC38A5,1.0104380607197785,0.0045985418383134
PCP4,-1.4382773835920166,0.0050271405072706
SLC39A2,-1.4383163738700349,0.0054716310045756
GABRP,1.3285743049633305,0.0055463252330839
FAM3B,1.457240499744162,0.0059785174552502
MAGEA11,1.1715057820228558,0.0060414156144078
MPV17L,-1.1612145829779958,0.0063007296841592
HOXC6,1.1142931349138672,0.0063471649504808
CLDN18,1.6184881118881111,0.0064558126272363
GPR143,1.1296893399283645,0.0074537986211968
DMBT1,-1.6265745437489336,0.0077585944318586
DDX43,-1.0843711410540702,0.0086593126886577
HAVCR1,-1.2010389305816145,0.0089014419177365
NXF2,1.0663131502643703,0.0091499026065123
SAA1,1.1502911564045704,0.0094369222305254
LOC100124692,-1.0265473989425198,0.0100294596374
IGF2BP1,1.2250558587753704,0.0102275169158039
MAGEA2,1.0322603957018588,0.0113420631508878
CYP4F2,-1.1164745011086517,0.0134774388957278
CACNG4,1.1604305389732223,0.0141160116630761
PRAP1,-1.020304758655982,0.0146964046042517
SOX2,-1.1596186423332768,0.0147232123090834
ABHD12B,-1.3059339331400297,0.0153571613014553
LCN15,-1.5222168855534703,0.0171532174301099
DRD2,1.0208936636534176,0.0177457007231332
SPINK4,-1.4548432457786138,0.0199426118685723
CDHR1,-1.0627473818864086,0.0312371075022314
CKMT2,1.2289480982432197,0.0322280185178959
FOXJ1,-1.1038297543919544,0.0341733200066275
B4GALNT4,1.008108331911992,0.0348766992118142
L1TD1,-1.2070296605833253,0.0380924435151164
PRAC,-1.4547904059355292,0.0473643371392964
DEFA6,1.2693735374381707,0.0494967603179641
